▲ Next.js 16.2.10 (Turbopack)
- Experiments (use with caution):
  · optimizePackageImports

  Creating an optimized production build ...
node.exe : 
At C:\Users\hiak0\AppData\Roaming\TRAE SOLO CN\ModularData\ai-agent\vm\tools\node\npx.ps1:16 char:5
+     & "$basedir/node$exe"  "$basedir/node_modules/npm/bin/npx-cli.js" ...
+     ~~~~~~~~~~~~~~~~~~~~~~~~~~~~~~~~~~~~~~~~~~~~~~~~~~~~~~~~~~~~~~~~~
    + CategoryInfo          : NotSpecified: (:String) [], RemoteException
    + FullyQualifiedErrorId : NativeCommandError
 
> Build error occurred
Error: Turbopack build failed with 13 errors:
./src/lib/tools.ts:196:10
the name `Pipette` is defined multiple times
  [90m194 |[0m   [33mLayoutGrid[0m,
  [90m195 |[0m   [33mInfo[0m,
[31m[1m>[0m [90m196 |[0m   [33mCamera[0m,
  [90m    |[0m          [31m[1m^^^^^^^^^^^^^^^^^^^^^^^^^^^^^^^^^^^^^^^^^^^^^^^^^^^^^^^^^^^^^^^^^^^^^^^^^^^^^^^^^^^
[0m
[31m[1m>[0m [90m197 |[0m   [33mPipette[0m,
  [90m    |[0m [31m[1m^^^^^^[0m
  [90m198 |[0m   [33mCircleDot[0m,
  [90m199 |[0m   [33mPresentation[0m,
  [90m200 |[0m   [33mBook[0m,

Ecmascript file had an error

Import traces:
  Server Component:
    ./src/lib/tools.ts
    ./src/app/tag/[slug]/page.tsx

  App Route:
    ./src/lib/tools.ts
    ./src/app/sitemap.ts
    ./src/app/sitemap--route-entry.js

  Client Component Browser:
    ./src/lib/tools.ts [Client Component Browser]
    ./src/components/ToolLayout.tsx [Client Component Browser]
    ./src/app/tools/json-to-java-class/page.tsx [Client Component Browser]
    ./src/app/tools/json-to-java-class/page.tsx [Server Component]

  Client Component SSR:
    ./src/lib/tools.ts [Client Component SSR]
    ./src/components/ToolLayout.tsx [Client Component SSR]
    ./src/app/tools/json-to-java-class/page.tsx [Client Component SSR]
    ./src/app/tools/json-to-java-class/page.tsx [Server Component]


./src/app/tools/first-aid-guide/page.tsx:4:1
Export FirstAid doesn't exist in target module
  [90m2 |[0m
  [90m3 |[0m [36mimport[0m [33mToolLayout[0m [36mfrom[0m [32m"@/components/ToolLayout"[0m;
[31m[1m>[0m [90m4 |[0m [36mimport[0m { [33mFirstAid[0m } [36mfrom[0m [32m"lucide-react"[0m;
  [90m  |[0m [31m[1m^^^^^^^^^^^^^^^^^^^^^^^^^^^^^^^^^^^^^^^^[0m
  [90m5 |[0m
  [90m6 |[0m [36mexport[0m [36mdefault[0m [36mfunction[0m [33mFirstAidGuidePage[0m() {
  [90m7 |[0m   [36mreturn[0m (

The export FirstAid was not found in module [project]/node_modules/lucide-react/dist/esm/lucide-react.mjs [app-client] 
(ecmascript).
Did you mean to import FileAxis3d?
All exports of the module are statically known (It doesn't have dynamic exports). So it's known statically that the req
uested export doesn't exist.

Import traces:
  Client Component Browser:
    ./src/app/tools/first-aid-guide/page.tsx [Client Component Browser]
    ./src/app/tools/first-aid-guide/page.tsx [Server Component]

  Client Component SSR:
    ./src/app/tools/first-aid-guide/page.tsx [Client Component SSR]
    ./src/app/tools/first-aid-guide/page.tsx [Server Component]


./src/app/tools/first-aid-guide/page.tsx:4:1
Export FirstAid doesn't exist in target module
  [90m2 |[0m
  [90m3 |[0m [36mimport[0m [33mToolLayout[0m [36mfrom[0m [32m"@/components/ToolLayout"[0m;
[31m[1m>[0m [90m4 |[0m [36mimport[0m { [33mFirstAid[0m } [36mfrom[0m [32m"lucide-react"[0m;
  [90m  |[0m [31m[1m^^^^^^^^^^^^^^^^^^^^^^^^^^^^^^^^^^^^^^^^[0m
  [90m5 |[0m
  [90m6 |[0m [36mexport[0m [36mdefault[0m [36mfunction[0m [33mFirstAidGuidePage[0m() {
  [90m7 |[0m   [36mreturn[0m (

The export FirstAid was not found in module [project]/node_modules/lucide-react/dist/esm/lucide-react.mjs [app-ssr] (ec
mascript).
Did you mean to import FileAxis3d?
All exports of the module are statically known (It doesn't have dynamic exports). So it's known statically that the req
uested export doesn't exist.

Import traces:
  Client Component Browser:
    ./src/app/tools/first-aid-guide/page.tsx [Client Component Browser]
    ./src/app/tools/first-aid-guide/page.tsx [Server Component]

  Client Component SSR:
    ./src/app/tools/first-aid-guide/page.tsx [Client Component SSR]
    ./src/app/tools/first-aid-guide/page.tsx [Server Component]


./src/lib/tools.ts:1:1
Export FirstAid doesn't exist in target module
[31m[1m>[0m [90m  1 |[0m ﻿[36mimport[0m {
  [90m    |[0m [31m[1m^^^^^^^[0m
[31m[1m>[0m [90m  2 |[0m   [33mBraces[0m,
  [90m    |[0m [31m[1m^^^^^^^^^[0m
[31m[1m>[0m [90m  3 |[0m   [33mBinary[0m,
  [90m    |[0m [31m[1m^^^^^^^^^[0m
[31m[1m>[0m [90m  4 |[0m   [33mLink[0m,
  [90m    |[0m [31m[1m^^^^^^^[0m
[31m[1m>[0m [90m  5 |[0m   [33mRegex[0m,
  [90m    |[0m [31m[1m^^^^^^^^[0m
[31m[1m>[0m [90m  6 |[0m   [33mFingerprint[0m,
  [90m    |[0m [31m[1m^^^^^^^^^^^^^^[0m
[31m[1m>[0m [90m  7 |[0m   [33mClock[0m,
  [90m    |[0m [31m[1m^^^^^^^^[0m
[31m[1m>[0m [90m  8 |[0m   [33mPalette[0m,
  [90m    |[0m [31m[1m^^^^^^^^^^[0m
[31m[1m>[0m [90m  9 |[0m   [33mFileText[0m,
  [90m    |[0m [31m[1m^^^^^^^^^^^[0m
[31m[1m>[0m [90m 10 |[0m   [33mQrCode[0m,
  [90m    |[0m [31m[1m^^^^^^^^^[0m
[31m[1m>[0m [90m 11 |[0m   [33mKeyRound[0m,
  [90m    |[0m [31m[1m^^^^^^^^^^^[0m
[31m[1m>[0m [90m 12 |[0m   [33mHash[0m,
  [90m    |[0m [31m[1m^^^^^^^[0m
[31m[1m>[0m [90m 13 |[0m   [33mCalculator[0m,
  [90m    |[0m [31m[1m^^^^^^^^^^^^^[0m
[31m[1m>[0m [90m 14 |[0m   [33mHome[0m,
  [90m    |[0m [31m[1m^^^^^^^[0m
[31m[1m>[0m [90m 15 |[0m   [33mWallet[0m,
  [90m    |[0m [31m[1m^^^^^^^^^[0m
[31m[1m>[0m [90m 16 |[0m   [33mScale[0m,
  [90m    |[0m [31m[1m^^^^^^^^[0m
[31m[1m>[0m [90m 17 |[0m   [33mBaby[0m,
  [90m    |[0m [31m[1m^^^^^^^[0m
[31m[1m>[0m [90m 18 |[0m   [33mRuler[0m,
  [90m    |[0m [31m[1m^^^^^^^^[0m
[31m[1m>[0m [90m 19 |[0m   [33mType[0m,
  [90m    |[0m [31m[1m^^^^^^^[0m
[31m[1m>[0m [90m 20 |[0m   [33mArrowUpDown[0m,
  [90m    |[0m [31m[1m^^^^^^^^^^^^^^[0m
[31m[1m>[0m [90m 21 |[0m   [33mTrash2[0m,
  [90m    |[0m [31m[1m^^^^^^^^^[0m
[31m[1m>[0m [90m 22 |[0m   [33mShuffle[0m,
  [90m    |[0m [31m[1m^^^^^^^^^^[0m
[31m[1m>[0m [90m 23 |[0m   [33mTicket[0m,
  [90m    |[0m [31m[1m^^^^^^^^^[0m
[31m[1m>[0m [90m 24 |[0m   [33mImage[0m,
  [90m    |[0m [31m[1m^^^^^^^^[0m
[31m[1m>[0m [90m 25 |[0m   [33mImageDown[0m,
  [90m    |[0m [31m[1m^^^^^^^^^^^^[0m
[31m[1m>[0m [90m 26 |[0m   [33mImagePlus[0m,
  [90m    |[0m [31m[1m^^^^^^^^^^^^[0m
[31m[1m>[0m [90m 27 |[0m   [33mFileImage[0m,
  [90m    |[0m [31m[1m^^^^^^^^^^^^[0m
[31m[1m>[0m [90m 28 |[0m   [33mUser[0m,
  [90m    |[0m [31m[1m^^^^^^^[0m
[31m[1m>[0m [90m 29 |[0m   [33mDroplets[0m,
  [90m    |[0m [31m[1m^^^^^^^^^^^[0m
[31m[1m>[0m [90m 30 |[0m   [33mRepeat[0m,
  [90m    |[0m [31m[1m^^^^^^^^^[0m
[31m[1m>[0m [90m 31 |[0m   [33mTimer[0m,
  [90m    |[0m [31m[1m^^^^^^^^[0m
[31m[1m>[0m [90m 32 |[0m   [33mCalendarDays[0m,
  [90m    |[0m [31m[1m^^^^^^^^^^^^^^^[0m
[31m[1m>[0m [90m 33 |[0m   [33mWallet[0m [36mas[0m [33mWalletIcon[0m,
  [90m    |[0m [31m[1m^^^^^^^^^^^^^^^^^^^^^^^[0m
[31m[1m>[0m [90m 34 |[0m   [33mFileDiff[0m,
  [90m    |[0m [31m[1m^^^^^^^^^^^[0m
[31m[1m>[0m [90m 35 |[0m   [33mTable2[0m,
  [90m    |[0m [31m[1m^^^^^^^^^[0m
[31m[1m>[0m [90m 36 |[0m   [33mLanguages[0m,
  [90m    |[0m [31m[1m^^^^^^^^^^^^[0m
[31m[1m>[0m [90m 37 |[0m   [33mGrid3X3[0m,
  [90m    |[0m [31m[1m^^^^^^^^^^[0m
[31m[1m>[0m [90m 38 |[0m   [33mCode2[0m,
  [90m    |[0m [31m[1m^^^^^^^^[0m
[31m[1m>[0m [90m 39 |[0m   [33mFileCode[0m,
  [90m    |[0m [31m[1m^^^^^^^^^^^[0m
[31m[1m>[0m [90m 40 |[0m   [33mScanLine[0m,
  [90m    |[0m [31m[1m^^^^^^^^^^^[0m
[31m[1m>[0m [90m 41 |[0m   [33mAlignLeft[0m,
  [90m    |[0m [31m[1m^^^^^^^^^^^^[0m
[31m[1m>[0m [90m 42 |[0m   [33mContact[0m,
  [90m    |[0m [31m[1m^^^^^^^^^^[0m
[31m[1m>[0m [90m 43 |[0m   [33mCrop[0m,
  [90m    |[0m [31m[1m^^^^^^^[0m
[31m[1m>[0m [90m 44 |[0m   [33mRotateCw[0m,
  [90m    |[0m [31m[1m^^^^^^^^^^^[0m
[31m[1m>[0m [90m 45 |[0m   [33mMaximize2[0m,
  [90m    |[0m [31m[1m^^^^^^^^^^^^[0m
[31m[1m>[0m [90m 46 |[0m   [33mSparkles[0m,
  [90m    |[0m [31m[1m^^^^^^^^^^^[0m
[31m[1m>[0m [90m 47 |[0m   [33mLayers[0m,
  [90m    |[0m [31m[1m^^^^^^^^^[0m
[31m[1m>[0m [90m 48 |[0m   [33mGrid2x2[0m,
  [90m    |[0m [31m[1m^^^^^^^^^^[0m
[31m[1m>[0m [90m 49 |[0m   [33mMonitor[0m,
  [90m    |[0m [31m[1m^^^^^^^^^^[0m
[31m[1m>[0m [90m 50 |[0m   [33mSmile[0m,
  [90m    |[0m [31m[1m^^^^^^^^[0m
[31m[1m>[0m [90m 51 |[0m   [33mFileDown[0m,
  [90m    |[0m [31m[1m^^^^^^^^^^^[0m
[31m[1m>[0m [90m 52 |[0m   [33mCombine[0m,
  [90m    |[0m [31m[1m^^^^^^^^^^[0m
[31m[1m>[0m [90m 53 |[0m   [33mVolume2[0m,
  [90m    |[0m [31m[1m^^^^^^^^^^[0m
[31m[1m>[0m [90m 54 |[0m   [33mEraser[0m,
  [90m    |[0m [31m[1m^^^^^^^^^[0m
[31m[1m>[0m [90m 55 |[0m   [33mFilm[0m,
  [90m    |[0m [31m[1m^^^^^^^[0m
[31m[1m>[0m [90m 56 |[0m   [33mCircle[0m,
  [90m    |[0m [31m[1m^^^^^^^^^[0m
[31m[1m>[0m [90m 57 |[0m   [33mCheckCircle[0m,
  [90m    |[0m [31m[1m^^^^^^^^^^^^^^[0m
[31m[1m>[0m [90m 58 |[0m   [33mArrowLeftRight[0m,
  [90m    |[0m [31m[1m^^^^^^^^^^^^^^^^^[0m
[31m[1m>[0m [90m 59 |[0m   [33mReplace[0m,
  [90m    |[0m [31m[1m^^^^^^^^^^[0m
[31m[1m>[0m [90m 60 |[0m   [33mDatabase[0m,
  [90m    |[0m [31m[1m^^^^^^^^^^^[0m
[31m[1m>[0m [90m 61 |[0m   [33mMinimize2[0m,
  [90m    |[0m [31m[1m^^^^^^^^^^^^[0m
[31m[1m>[0m [90m 62 |[0m   [33mFileJson[0m,
  [90m    |[0m [31m[1m^^^^^^^^^^^[0m
[31m[1m>[0m [90m 63 |[0m   [33mArrowRightLeft[0m,
  [90m    |[0m [31m[1m^^^^^^^^^^^^^^^^^[0m
[31m[1m>[0m [90m 64 |[0m   [33mDownload[0m,
  [90m    |[0m [31m[1m^^^^^^^^^^^[0m
[31m[1m>[0m [90m 65 |[0m   [33mTrash[0m,
  [90m    |[0m [31m[1m^^^^^^^^[0m
[31m[1m>[0m [90m 66 |[0m   [33mFlipHorizontal[0m,
  [90m    |[0m [31m[1m^^^^^^^^^^^^^^^^^[0m
[31m[1m>[0m [90m 67 |[0m   [33mFlipVertical[0m,
  [90m    |[0m [31m[1m^^^^^^^^^^^^^^^[0m
[31m[1m>[0m [90m 68 |[0m   [33mSun[0m,
  [90m    |[0m [31m[1m^^^^^^[0m
[31m[1m>[0m [90m 69 |[0m   [33mSquare[0m,
  [90m    |[0m [31m[1m^^^^^^^^^[0m
[31m[1m>[0m [90m 70 |[0m   [33mContrast[0m,
  [90m    |[0m [31m[1m^^^^^^^^^^^[0m
[31m[1m>[0m [90m 71 |[0m   [33mMinus[0m,
  [90m    |[0m [31m[1m^^^^^^^^[0m
[31m[1m>[0m [90m 72 |[0m   [33mLock[0m,
  [90m    |[0m [31m[1m^^^^^^^[0m
[31m[1m>[0m [90m 73 |[0m   [33mUnlock[0m,
  [90m    |[0m [31m[1m^^^^^^^^^[0m
[31m[1m>[0m [90m 74 |[0m   [33mMail[0m,
  [90m    |[0m [31m[1m^^^^^^^[0m
[31m[1m>[0m [90m 75 |[0m   [33mRadio[0m,
  [90m    |[0m [31m[1m^^^^^^^^[0m
[31m[1m>[0m [90m 76 |[0m   [33mPaintbrush[0m,
  [90m    |[0m [31m[1m^^^^^^^^^^^^^[0m
[31m[1m>[0m [90m 77 |[0m   [33mWind[0m,
  [90m    |[0m [31m[1m^^^^^^^[0m
[31m[1m>[0m [90m 78 |[0m   [33mBox[0m,
  [90m    |[0m [31m[1m^^^^^^[0m
[31m[1m>[0m [90m 79 |[0m   [33mQuote[0m,
  [90m    |[0m [31m[1m^^^^^^^^[0m
[31m[1m>[0m [90m 80 |[0m   [33mAtSign[0m,
  [90m    |[0m [31m[1m^^^^^^^^^[0m
[31m[1m>[0m [90m 81 |[0m   [33mZap[0m,
  [90m    |[0m [31m[1m^^^^^^[0m
[31m[1m>[0m [90m 82 |[0m   [33mUsers[0m,
  [90m    |[0m [31m[1m^^^^^^^^[0m
[31m[1m>[0m [90m 83 |[0m   [33mBarcode[0m,
  [90m    |[0m [31m[1m^^^^^^^^^^[0m
[31m[1m>[0m [90m 84 |[0m   [33mMessageSquare[0m,
  [90m    |[0m [31m[1m^^^^^^^^^^^^^^^^[0m
[31m[1m>[0m [90m 85 |[0m   [33mPercent[0m,
  [90m    |[0m [31m[1m^^^^^^^^^^[0m
[31m[1m>[0m [90m 86 |[0m   [33mDollarSign[0m,
  [90m    |[0m [31m[1m^^^^^^^^^^^^^[0m
[31m[1m>[0m [90m 87 |[0m   [33mTrendingUp[0m,
  [90m    |[0m [31m[1m^^^^^^^^^^^^^[0m
[31m[1m>[0m [90m 88 |[0m   [33mFlame[0m,
  [90m    |[0m [31m[1m^^^^^^^^[0m
[31m[1m>[0m [90m 89 |[0m   [33mTarget[0m,
  [90m    |[0m [31m[1m^^^^^^^^^[0m
[31m[1m>[0m [90m 90 |[0m   [33mDivide[0m,
  [90m    |[0m [31m[1m^^^^^^^^^[0m
[31m[1m>[0m [90m 91 |[0m   [33mGauge[0m,
  [90m    |[0m [31m[1m^^^^^^^^[0m
[31m[1m>[0m [90m 92 |[0m   [33mHardDrive[0m,
  [90m    |[0m [31m[1m^^^^^^^^^^^^[0m
[31m[1m>[0m [90m 93 |[0m   [33mActivity[0m,
  [90m    |[0m [31m[1m^^^^^^^^^^^[0m
[31m[1m>[0m [90m 94 |[0m   [33mBeaker[0m,
  [90m    |[0m [31m[1m^^^^^^^^^[0m
[31m[1m>[0m [90m 95 |[0m   [33mThermometer[0m,
  [90m    |[0m [31m[1m^^^^^^^^^^^^^^[0m
[31m[1m>[0m [90m 96 |[0m   [33mReceipt[0m,
  [90m    |[0m [31m[1m^^^^^^^^^^[0m
[31m[1m>[0m [90m 97 |[0m   [33mBanknote[0m,
  [90m    |[0m [31m[1m^^^^^^^^^^^[0m
[31m[1m>[0m [90m 98 |[0m   [33mPiggyBank[0m,
  [90m    |[0m [31m[1m^^^^^^^^^^^^[0m
[31m[1m>[0m [90m 99 |[0m   [33mCoins[0m,
  [90m    |[0m [31m[1m^^^^^^^^[0m
[31m[1m>[0m [90m100 |[0m   [33mHeart[0m,
  [90m    |[0m [31m[1m^^^^^^^^[0m
[31m[1m>[0m [90m101 |[0m   [33mBadgePercent[0m,
  [90m    |[0m [31m[1m^^^^^^^^^^^^^^^[0m
[31m[1m>[0m [90m102 |[0m   [33mFileSpreadsheet[0m,
  [90m    |[0m [31m[1m^^^^^^^^^^^^^^^^^^[0m
[31m[1m>[0m [90m103 |[0m
  [90m    |[0m [31m[1m^[0m
[31m[1m>[0m [90m104 |[0m   [33mFileType[0m,
  [90m    |[0m [31m[1m^^^^^^^^^^^[0m
[31m[1m>[0m [90m105 |[0m   [33mFileKey[0m,
  [90m    |[0m [31m[1m^^^^^^^^^^[0m
[31m[1m>[0m [90m106 |[0m   [33mFileSignature[0m,
  [90m    |[0m [31m[1m^^^^^^^^^^^^^^^^[0m
[31m[1m>[0m [90m107 |[0m   [33mFileStack[0m,
  [90m    |[0m [31m[1m^^^^^^^^^^^^[0m
[31m[1m>[0m [90m108 |[0m   [33mFileOutput[0m,
  [90m    |[0m [31m[1m^^^^^^^^^^^^^[0m
[31m[1m>[0m [90m109 |[0m   [33mFileInput[0m,
  [90m    |[0m [31m[1m^^^^^^^^^^^^[0m
[31m[1m>[0m [90m110 |[0m   [33mLayoutList[0m,
  [90m    |[0m [31m[1m^^^^^^^^^^^^^[0m
[31m[1m>[0m [90m111 |[0m
  [90m    |[0m [31m[1m^[0m
[31m[1m>[0m [90m112 |[0m   [33mPenLine[0m,
  [90m    |[0m [31m[1m^^^^^^^^^^[0m
[31m[1m>[0m [90m113 |[0m   [33mHighlighter[0m,
  [90m    |[0m [31m[1m^^^^^^^^^^^^^^[0m
[31m[1m>[0m [90m114 |[0m   [33mMusic[0m,
  [90m    |[0m [31m[1m^^^^^^^^[0m
[31m[1m>[0m [90m115 |[0m   [33mVideo[0m,
  [90m    |[0m [31m[1m^^^^^^^^[0m
[31m[1m>[0m [90m116 |[0m   [33mVolumeX[0m,
  [90m    |[0m [31m[1m^^^^^^^^^^[0m
[31m[1m>[0m [90m117 |[0m   [33mFastForward[0m,
  [90m    |[0m [31m[1m^^^^^^^^^^^^^^[0m
[31m[1m>[0m [90m118 |[0m   [33mRewind[0m,
  [90m    |[0m [31m[1m^^^^^^^^^[0m
[31m[1m>[0m [90m119 |[0m   [33mAudioWaveform[0m,
  [90m    |[0m [31m[1m^^^^^^^^^^^^^^^^[0m
[31m[1m>[0m [90m120 |[0m   [33mDisc[0m,
  [90m    |[0m [31m[1m^^^^^^^[0m
[31m[1m>[0m [90m121 |[0m   [33mMic[0m,
  [90m    |[0m [31m[1m^^^^^^[0m
[31m[1m>[0m [90m122 |[0m   [33mRadio[0m [36mas[0m [33mRadioIcon[0m,
  [90m    |[0m [31m[1m^^^^^^^^^^^^^^^^^^^^^[0m
[31m[1m>[0m [90m123 |[0m
  [90m    |[0m [31m[1m^[0m
[31m[1m>[0m [90m124 |[0m   [33mTimer[0m [36mas[0m [33mTimerIcon[0m,
  [90m    |[0m [31m[1m^^^^^^^^^^^^^^^^^^^^^[0m
[31m[1m>[0m [90m125 |[0m
  [90m    |[0m [31m[1m^[0m
[31m[1m>[0m [90m126 |[0m   [33mPause[0m,
  [90m    |[0m [31m[1m^^^^^^^^[0m
[31m[1m>[0m [90m127 |[0m   [33mRotateCcw[0m,
  [90m    |[0m [31m[1m^^^^^^^^^^^^[0m
[31m[1m>[0m [90m128 |[0m   [33mCoins[0m [36mas[0m [33mDiceIcon[0m,
  [90m    |[0m [31m[1m^^^^^^^^^^^^^^^^^^^^[0m
[31m[1m>[0m [90m129 |[0m   [33mTrophy[0m,
  [90m    |[0m [31m[1m^^^^^^^^^[0m
[31m[1m>[0m [90m130 |[0m   [33mTarget[0m [36mas[0m [33mTargetIcon[0m,
  [90m    |[0m [31m[1m^^^^^^^^^^^^^^^^^^^^^^^[0m
[31m[1m>[0m [90m131 |[0m   [33mGlobe[0m,
  [90m    |[0m [31m[1m^^^^^^^^[0m
[31m[1m>[0m [90m132 |[0m   [33mCheckSquare[0m,
  [90m    |[0m [31m[1m^^^^^^^^^^^^^^[0m
[31m[1m>[0m [90m133 |[0m   [33mListTodo[0m,
  [90m    |[0m [31m[1m^^^^^^^^^^^[0m
[31m[1m>[0m [90m134 |[0m   [33mReceipt[0m [36mas[0m [33mReceiptIcon[0m,
  [90m    |[0m [31m[1m^^^^^^^^^^^^^^^^^^^^^^^^^[0m
[31m[1m>[0m [90m135 |[0m   [33mFlame[0m [36mas[0m [33mFlameIcon[0m,
  [90m    |[0m [31m[1m^^^^^^^^^^^^^^^^^^^^^[0m
[31m[1m>[0m [90m136 |[0m   [33mDroplet[0m,
  [90m    |[0m [31m[1m^^^^^^^^^^[0m
[31m[1m>[0m [90m137 |[0m   [33mPipette[0m,
  [90m    |[0m [31m[1m^^^^^^^^^^[0m
[31m[1m>[0m [90m138 |[0m   [33mBlend[0m,
  [90m    |[0m [31m[1m^^^^^^^^[0m
[31m[1m>[0m [90m139 |[0m   [33mSun[0m [36mas[0m [33mSunIcon[0m,
  [90m    |[0m [31m[1m^^^^^^^^^^^^^^^^^[0m
[31m[1m>[0m [90m140 |[0m   [33mCircle[0m [36mas[0m [33mCircleIcon[0m,
  [90m    |[0m [31m[1m^^^^^^^^^^^^^^^^^^^^^^^[0m
[31m[1m>[0m [90m141 |[0m   [33mTag[0m,
  [90m    |[0m [31m[1m^^^^^^[0m
[31m[1m>[0m [90m142 |[0m   [33mEye[0m [36mas[0m [33mEyeIcon[0m,
  [90m    |[0m [31m[1m^^^^^^^^^^^^^^^^^[0m
[31m[1m>[0m [90m143 |[0m   [33mType[0m [36mas[0m [33mTypeIcon[0m,
  [90m    |[0m [31m[1m^^^^^^^^^^^^^^^^^^^[0m
[31m[1m>[0m [90m144 |[0m   [33mAlignCenter[0m,
  [90m    |[0m [31m[1m^^^^^^^^^^^^^^[0m
[31m[1m>[0m [90m145 |[0m   [33mArrowDown[0m,
  [90m    |[0m [31m[1m^^^^^^^^^^^^[0m
[31m[1m>[0m [90m146 |[0m   [33mBarChart2[0m,
  [90m    |[0m [31m[1m^^^^^^^^^^^^[0m
[31m[1m>[0m [90m147 |[0m   [33mBookOpen[0m,
  [90m    |[0m [31m[1m^^^^^^^^^^^[0m
[31m[1m>[0m [90m148 |[0m   [33mCheck[0m,
  [90m    |[0m [31m[1m^^^^^^^^[0m
[31m[1m>[0m [90m149 |[0m   [33mCopy[0m,
  [90m    |[0m [31m[1m^^^^^^^[0m
[31m[1m>[0m [90m150 |[0m   [33mScissors[0m,
  [90m    |[0m [31m[1m^^^^^^^^^^^[0m
[31m[1m>[0m [90m151 |[0m   [33mPlay[0m,
  [90m    |[0m [31m[1m^^^^^^^[0m
[31m[1m>[0m [90m152 |[0m   [33mFileSearch[0m,
  [90m    |[0m [31m[1m^^^^^^^^^^^^^[0m
[31m[1m>[0m [90m153 |[0m   [33mGitCompare[0m,
  [90m    |[0m [31m[1m^^^^^^^^^^^^^[0m
[31m[1m>[0m [90m154 |[0m   [33mListOrdered[0m,
  [90m    |[0m [31m[1m^^^^^^^^^^^^^^[0m
[31m[1m>[0m [90m155 |[0m   [33mMoveHorizontal[0m,
  [90m    |[0m [31m[1m^^^^^^^^^^^^^^^^^[0m
[31m[1m>[0m [90m156 |[0m
  [90m    |[0m [31m[1m^[0m
[31m[1m>[0m [90m157 |[0m
  [90m    |[0m [31m[1m^[0m
[31m[1m>[0m [90m158 |[0m   [33mSearch[0m,
  [90m    |[0m [31m[1m^^^^^^^^^[0m
[31m[1m>[0m [90m159 |[0m   [33mSliders[0m,
  [90m    |[0m [31m[1m^^^^^^^^^^[0m
[31m[1m>[0m [90m160 |[0m   [33mTerminal[0m,
  [90m    |[0m [31m[1m^^^^^^^^^^^[0m
[31m[1m>[0m [90m161 |[0m   [33mGitBranch[0m,
  [90m    |[0m [31m[1m^^^^^^^^^^^^[0m
[31m[1m>[0m [90m162 |[0m   [33mStar[0m,
  [90m    |[0m [31m[1m^^^^^^^[0m
[31m[1m>[0m [90m163 |[0m   [33mBriefcase[0m,
  [90m    |[0m [31m[1m^^^^^^^^^^^^[0m
[31m[1m>[0m [90m164 |[0m   [33mBuilding2[0m,
  [90m    |[0m [31m[1m^^^^^^^^^^^^[0m
[31m[1m>[0m [90m165 |[0m   [33mShield[0m,
  [90m    |[0m [31m[1m^^^^^^^^^[0m
[31m[1m>[0m [90m166 |[0m   [33mGift[0m,
  [90m    |[0m [31m[1m^^^^^^^[0m
[31m[1m>[0m [90m167 |[0m   [33mFocus[0m,
  [90m    |[0m [31m[1m^^^^^^^^[0m
[31m[1m>[0m [90m168 |[0m   [33mPaintbrush2[0m,
  [90m    |[0m [31m[1m^^^^^^^^^^^^^^[0m
[31m[1m>[0m [90m169 |[0m   [33mAperture[0m,
  [90m    |[0m [31m[1m^^^^^^^^^^^[0m
[31m[1m>[0m [90m170 |[0m   [33mWand2[0m,
  [90m    |[0m [31m[1m^^^^^^^^[0m
[31m[1m>[0m [90m171 |[0m   [33mCalendarClock[0m,
  [90m    |[0m [31m[1m^^^^^^^^^^^^^^^^[0m
[31m[1m>[0m [90m172 |[0m   [33mPawPrint[0m,
  [90m    |[0m [31m[1m^^^^^^^^^^^[0m
[31m[1m>[0m [90m173 |[0m   [33mSmartphone[0m,
  [90m    |[0m [31m[1m^^^^^^^^^^^^^[0m
[31m[1m>[0m [90m174 |[0m   [33mIdCard[0m,
  [90m    |[0m [31m[1m^^^^^^^^^[0m
[31m[1m>[0m [90m175 |[0m   [33mCreditCard[0m,
  [90m    |[0m [31m[1m^^^^^^^^^^^^^[0m
[31m[1m>[0m [90m176 |[0m   [33mCar[0m,
  [90m    |[0m [31m[1m^^^^^^[0m
[31m[1m>[0m [90m177 |[0m   [33mServer[0m,
  [90m    |[0m [31m[1m^^^^^^^^^[0m
[31m[1m>[0m [90m178 |[0m   [33mCode[0m,
  [90m    |[0m [31m[1m^^^^^^^[0m
[31m[1m>[0m [90m179 |[0m   [33mFile[0m,
  [90m    |[0m [31m[1m^^^^^^^[0m
[31m[1m>[0m [90m180 |[0m   [33mCalendar[0m,
  [90m    |[0m [31m[1m^^^^^^^^^^^[0m
[31m[1m>[0m [90m181 |[0m   [33mShirt[0m,
  [90m    |[0m [31m[1m^^^^^^^^[0m
[31m[1m>[0m [90m182 |[0m   [33mFlag[0m,
  [90m    |[0m [31m[1m^^^^^^^[0m
[31m[1m>[0m [90m183 |[0m   [33mCrown[0m,
  [90m    |[0m [31m[1m^^^^^^^^[0m
[31m[1m>[0m [90m184 |[0m   [33mAtom[0m,
  [90m    |[0m [31m[1m^^^^^^^[0m
[31m[1m>[0m [90m185 |[0m   [33mBookMarked[0m,
  [90m    |[0m [31m[1m^^^^^^^^^^^^^[0m
[31m[1m>[0m [90m186 |[0m   [33mMessageCircle[0m,
  [90m    |[0m [31m[1m^^^^^^^^^^^^^^^^[0m
[31m[1m>[0m [90m187 |[0m   [33mTable[0m,
  [90m    |[0m [31m[1m^^^^^^^^[0m
[31m[1m>[0m [90m188 |[0m   [33mFunctionSquare[0m,
  [90m    |[0m [31m[1m^^^^^^^^^^^^^^^^^[0m
[31m[1m>[0m [90m189 |[0m   [33mShapes[0m,
  [90m    |[0m [31m[1m^^^^^^^^^[0m
[31m[1m>[0m [90m190 |[0m   [33mPen[0m,
  [90m    |[0m [31m[1m^^^^^^[0m
[31m[1m>[0m [90m191 |[0m   [33mDiagram[0m,
  [90m    |[0m [31m[1m^^^^^^^^^^[0m
[31m[1m>[0m [90m192 |[0m   [33mNetwork[0m,
  [90m    |[0m [31m[1m^^^^^^^^^^[0m
[31m[1m>[0m [90m193 |[0m   [33mClipboardList[0m,
  [90m    |[0m [31m[1m^^^^^^^^^^^^^^^^[0m
[31m[1m>[0m [90m194 |[0m   [33mLayoutGrid[0m,
  [90m    |[0m [31m[1m^^^^^^^^^^^^^[0m
[31m[1m>[0m [90m195 |[0m   [33mInfo[0m,
  [90m    |[0m [31m[1m^^^^^^^[0m
[31m[1m>[0m [90m196 |[0m   [33mCamera[0m,
  [90m    |[0m [31m[1m^^^^^^^^^[0m
[31m[1m>[0m [90m197 |[0m   [33mPipette[0m,
  [90m    |[0m [31m[1m^^^^^^^^^^[0m
[31m[1m>[0m [90m198 |[0m   [33mCircleDot[0m,
  [90m    |[0m [31m[1m^^^^^^^^^^^^[0m
[31m[1m>[0m [90m199 |[0m   [33mPresentation[0m,
  [90m    |[0m [31m[1m^^^^^^^^^^^^^^^[0m
[31m[1m>[0m [90m200 |[0m   [33mBook[0m,
  [90m    |[0m [31m[1m^^^^^^^[0m
[31m[1m>[0m [90m201 |[0m   [33mAlignVerticalSpaceAround[0m,
  [90m    |[0m [31m[1m^^^^^^^^^^^^^^^^^^^^^^^^^^^[0m
[31m[1m>[0m [90m202 |[0m   [33mFileSplit[0m,
  [90m    |[0m [31m[1m^^^^^^^^^^^^[0m
[31m[1m>[0m [90m203 |[0m   [33mFileArchive[0m,
  [90m    |[0m [31m[1m^^^^^^^^^^^^^^[0m
[31m[1m>[0m [90m204 |[0m   [33mWrench[0m,
  [90m    |[0m [31m[1m^^^^^^^^^[0m
[31m[1m>[0m [90m205 |[0m   [33mList[0m,
  [90m    |[0m [31m[1m^^^^^^^[0m
[31m[1m>[0m [90m206 |[0m   [33mImages[0m,
  [90m    |[0m [31m[1m^^^^^^^^^[0m
[31m[1m>[0m [90m207 |[0m   [33mWifi[0m,
  [90m    |[0m [31m[1m^^^^^^^[0m
[31m[1m>[0m [90m208 |[0m   [33mKey[0m,
  [90m    |[0m [31m[1m^^^^^^[0m
[31m[1m>[0m [90m209 |[0m   [33mGraphQl[0m,
  [90m    |[0m [31m[1m^^^^^^^^^^[0m
[31m[1m>[0m [90m210 |[0m   [33mCoffee[0m,
  [90m    |[0m [31m[1m^^^^^^^^^[0m
[31m[1m>[0m [90m211 |[0m   [33mPython[0m,
  [90m    |[0m [31m[1m^^^^^^^^^[0m
[31m[1m>[0m [90m212 |[0m   [33mFilter[0m,
  [90m    |[0m [31m[1m^^^^^^^^^[0m
[31m[1m>[0m [90m213 |[0m   [33mLineChart[0m,
  [90m    |[0m [31m[1m^^^^^^^^^^^^[0m
[31m[1m>[0m [90m214 |[0m   [33mClock4[0m,
  [90m    |[0m [31m[1m^^^^^^^^^[0m
[31m[1m>[0m [90m215 |[0m   [33mFiles[0m,
  [90m    |[0m [31m[1m^^^^^^^^[0m
[31m[1m>[0m [90m216 |[0m   [33mTags[0m,
  [90m    |[0m [31m[1m^^^^^^^[0m
[31m[1m>[0m [90m217 |[0m   [33mUnlink[0m,
  [90m    |[0m [31m[1m^^^^^^^^^[0m
[31m[1m>[0m [90m218 |[0m   [33mBackslash[0m,
  [90m    |[0m [31m[1m^^^^^^^^^^^^[0m
[31m[1m>[0m [90m219 |[0m   [33mHeading[0m,
  [90m    |[0m [31m[1m^^^^^^^^^^[0m
[31m[1m>[0m [90m220 |[0m   [33mSunMoon[0m,
  [90m    |[0m [31m[1m^^^^^^^^^^[0m
[31m[1m>[0m [90m221 |[0m   [33mWaves[0m,
  [90m    |[0m [31m[1m^^^^^^^^[0m
[31m[1m>[0m [90m222 |[0m   [33mEdit[0m,
  [90m    |[0m [31m[1m^^^^^^^[0m
[31m[1m>[0m [90m223 |[0m   [33mMousePointer[0m,
  [90m    |[0m [31m[1m^^^^^^^^^^^^^^^[0m
[31m[1m>[0m [90m224 |[0m   [33mUserPlus[0m,
  [90m    |[0m [31m[1m^^^^^^^^^^^[0m
[31m[1m>[0m [90m225 |[0m   [33mDices[0m,
  [90m    |[0m [31m[1m^^^^^^^^[0m
[31m[1m>[0m [90m226 |[0m   [33mUtensils[0m,
  [90m    |[0m [31m[1m^^^^^^^^^^^[0m
[31m[1m>[0m [90m227 |[0m   [33mWheel[0m,
  [90m    |[0m [31m[1m^^^^^^^^[0m
[31m[1m>[0m [90m228 |[0m   [33mCheckCircle2[0m,
  [90m    |[0m [31m[1m^^^^^^^^^^^^^^^[0m
[31m[1m>[0m [90m229 |[0m   [33mMusic2[0m,
  [90m    |[0m [31m[1m^^^^^^^^^[0m
[31m[1m>[0m [90m230 |[0m   [33mSubtitles[0m,
  [90m    |[0m [31m[1m^^^^^^^^^^^^[0m
[31m[1m>[0m [90m231 |[0m   [33mDrum[0m,
  [90m    |[0m [31m[1m^^^^^^^[0m
[31m[1m>[0m [90m232 |[0m   [33mGuitar[0m,
  [90m    |[0m [31m[1m^^^^^^^^^[0m
[31m[1m>[0m [90m233 |[0m   [33mPhone[0m,
  [90m    |[0m [31m[1m^^^^^^^^[0m
[31m[1m>[0m [90m234 |[0m   [33mKeyboard[0m,
  [90m    |[0m [31m[1m^^^^^^^^^^^[0m
[31m[1m>[0m [90m235 |[0m   [33mUtensilsCrossed[0m,
  [90m    |[0m [31m[1m^^^^^^^^^^^^^^^^^^[0m
[31m[1m>[0m [90m236 |[0m   [33mScroll[0m,
  [90m    |[0m [31m[1m^^^^^^^^^[0m
[31m[1m>[0m [90m237 |[0m   [33mCloudSun[0m,
  [90m    |[0m [31m[1m^^^^^^^^^^^[0m
[31m[1m>[0m [90m238 |[0m   [33mPackage[0m,
  [90m    |[0m [31m[1m^^^^^^^^^^[0m
[31m[1m>[0m [90m239 |[0m   [33mPlane[0m,
  [90m    |[0m [31m[1m^^^^^^^^[0m
[31m[1m>[0m [90m240 |[0m   [33mTrain[0m,
  [90m    |[0m [31m[1m^^^^^^^^[0m
[31m[1m>[0m [90m241 |[0m   [33mGrid3x3[0m,
  [90m    |[0m [31m[1m^^^^^^^^^^[0m
[31m[1m>[0m [90m242 |[0m   [33mSigma[0m,
  [90m    |[0m [31m[1m^^^^^^^^[0m
[31m[1m>[0m [90m243 |[0m   [33mLightbulb[0m,
  [90m    |[0m [31m[1m^^^^^^^^^^^^[0m
[31m[1m>[0m [90m244 |[0m   [33mFlaskConical[0m,
  [90m    |[0m [31m[1m^^^^^^^^^^^^^^^[0m
[31m[1m>[0m [90m245 |[0m   [33mPenTool[0m,
  [90m    |[0m [31m[1m^^^^^^^^^^[0m
[31m[1m>[0m [90m246 |[0m   [33mScrollText[0m,
  [90m    |[0m [31m[1m^^^^^^^^^^^^^[0m
[31m[1m>[0m [90m247 |[0m   [33mMap[0m,
  [90m    |[0m [31m[1m^^^^^^[0m
[31m[1m>[0m [90m248 |[0m   [33mLandmark[0m,
  [90m    |[0m [31m[1m^^^^^^^^^^^[0m
[31m[1m>[0m [90m249 |[0m   [33mHeadphones[0m,
  [90m    |[0m [31m[1m^^^^^^^^^^^^^[0m
[31m[1m>[0m [90m250 |[0m   [33mBrain[0m,
  [90m    |[0m [31m[1m^^^^^^^^[0m
[31m[1m>[0m [90m251 |[0m   [33mFileCheck[0m,
  [90m    |[0m [31m[1m^^^^^^^^^^^^[0m
[31m[1m>[0m [90m252 |[0m   [33mFileQuestion[0m,
  [90m    |[0m [31m[1m^^^^^^^^^^^^^^^[0m
[31m[1m>[0m [90m253 |[0m   [33mFlaskRound[0m,
  [90m    |[0m [31m[1m^^^^^^^^^^^^^[0m
[31m[1m>[0m [90m254 |[0m   [33mPuzzle[0m,
  [90m    |[0m [31m[1m^^^^^^^^^[0m
[31m[1m>[0m [90m255 |[0m   [33mPieChart[0m,
  [90m    |[0m [31m[1m^^^^^^^^^^^[0m
[31m[1m>[0m [90m256 |[0m   [33mArrowDownRight[0m,
  [90m    |[0m [31m[1m^^^^^^^^^^^^^^^^^[0m
[31m[1m>[0m [90m257 |[0m   [33mRefreshCw[0m,
  [90m    |[0m [31m[1m^^^^^^^^^^^^[0m
[31m[1m>[0m [90m258 |[0m   [33mShieldCheck[0m,
  [90m    |[0m [31m[1m^^^^^^^^^^^^^^[0m
[31m[1m>[0m [90m259 |[0m   [33mGraduationCap[0m,
  [90m    |[0m [31m[1m^^^^^^^^^^^^^^^^[0m
[31m[1m>[0m [90m260 |[0m   [33mRocket[0m,
  [90m    |[0m [31m[1m^^^^^^^^^[0m
[31m[1m>[0m [90m261 |[0m   [33mDumbbell[0m,
  [90m    |[0m [31m[1m^^^^^^^^^^^[0m
[31m[1m>[0m [90m262 |[0m   [33mMoon[0m,
  [90m    |[0m [31m[1m^^^^^^^[0m
[31m[1m>[0m [90m263 |[0m   [33mCalendarHeart[0m,
  [90m    |[0m [31m[1m^^^^^^^^^^^^^^^^[0m
[31m[1m>[0m [90m264 |[0m   [33mPersonStanding[0m,
  [90m    |[0m [31m[1m^^^^^^^^^^^^^^^^^[0m
[31m[1m>[0m [90m265 |[0m   [33mHeartPulse[0m,
  [90m    |[0m [31m[1m^^^^^^^^^^^^^[0m
[31m[1m>[0m [90m266 |[0m   [33mFlower2[0m,
  [90m    |[0m [31m[1m^^^^^^^^^^[0m
[31m[1m>[0m [90m267 |[0m   [33mSystole[0m,
  [90m    |[0m [31m[1m^^^^^^^^^^[0m
[31m[1m>[0m [90m268 |[0m   [33mTestTube[0m,
  [90m    |[0m [31m[1m^^^^^^^^^^^[0m
[31m[1m>[0m [90m269 |[0m   [33mPill[0m,
  [90m    |[0m [31m[1m^^^^^^^[0m
[31m[1m>[0m [90m270 |[0m   [33mFootprints[0m,
  [90m    |[0m [31m[1m^^^^^^^^^^^^^[0m
[31m[1m>[0m [90m271 |[0m   [33mGlasses[0m,
  [90m    |[0m [31m[1m^^^^^^^^^^[0m
[31m[1m>[0m [90m272 |[0m   [33mFlower[0m,
  [90m    |[0m [31m[1m^^^^^^^^^[0m
[31m[1m>[0m [90m273 |[0m   [33mFirstAid[0m,
  [90m    |[0m [31m[1m^^^^^^^^^^^[0m
[31m[1m>[0m [90m274 |[0m   [33mPlug[0m,
  [90m    |[0m [31m[1m^^^^^^^[0m
[31m[1m>[0m [90m275 |[0m   [33mLink2[0m,
  [90m    |[0m [31m[1m^^^^^^^^[0m
[31m[1m>[0m [90m276 |[0m   [33mPaintBucket[0m,
  [90m    |[0m [31m[1m^^^^^^^^^^^^^^[0m
[31m[1m>[0m [90m277 |[0m   [33mAppWindow[0m,
  [90m    |[0m [31m[1m^^^^^^^^^^^^[0m
[31m[1m>[0m [90m278 |[0m   [33mColumns2[0m,
  [90m    |[0m [31m[1m^^^^^^^^^^^[0m
[31m[1m>[0m [90m279 |[0m   [33mCake[0m,
  [90m    |[0m [31m[1m^^^^^^^[0m
[31m[1m>[0m [90m280 |[0m   [33mTriangle[0m,
  [90m    |[0m [31m[1m^^^^^^^^^^^[0m
[31m[1m>[0m [90m281 |[0m   [33mGlassWater[0m,
  [90m    |[0m [31m[1m^^^^^^^^^^^^^[0m
[31m[1m>[0m [90m282 |[0m   [33mCalendarCheck[0m,
  [90m    |[0m [31m[1m^^^^^^^^^^^^^^^^[0m
[31m[1m>[0m [90m283 |[0m   [33mShoppingCart[0m,
  [90m    |[0m [31m[1m^^^^^^^^^^^^^^^[0m
[31m[1m>[0m [90m284 |[0m   [33mChefHat[0m,
  [90m    |[0m [31m[1m^^^^^^^^^^[0m
[31m[1m>[0m [90m285 |[0m   [33mAward[0m,
  [90m    |[0m [31m[1m^^^^^^^^[0m
[31m[1m>[0m [90m286 |[0m   [33mBackpack[0m,
  [90m    |[0m [31m[1m^^^^^^^^^^^[0m
[31m[1m>[0m [90m287 |[0m   [33mMegaphone[0m,
  [90m    |[0m [31m[1m^^^^^^^^^^^^[0m
[31m[1m>[0m [90m288 |[0m   [33mMailPlus[0m,
  [90m    |[0m [31m[1m^^^^^^^^^^^[0m
[31m[1m>[0m [90m289 |[0m   [33mFeather[0m,
  [90m    |[0m [31m[1m^^^^^^^^^^[0m
[31m[1m>[0m [90m290 |[0m   [33mSlidersHorizontal[0m,
  [90m    |[0m [31m[1m^^^^^^^^^^^^^^^^^^^^[0m
[31m[1m>[0m [90m291 |[0m   [33mSettings[0m,
  [90m    |[0m [31m[1m^^^^^^^^^^^[0m
[31m[1m>[0m [90m292 |[0m   [33mComponent[0m,
  [90m    |[0m [31m[1m^^^^^^^^^^^^[0m
[31m[1m>[0m [90m293 |[0m   [33mArchive[0m,
  [90m    |[0m [31m[1m^^^^^^^^^^[0m
[31m[1m>[0m [90m294 |[0m } [36mfrom[0m [32m"lucide-react"[0m;
  [90m    |[0m [31m[1m^^^^^^^^^^^^^^^^^^^[0m
  [90m295 |[0m
  [90m296 |[0m [36mexport[0m [36minterface[0m [33mTool[0m {
  [90m297 |[0m   id: string;

The export FirstAid was not found in module [project]/node_modules/lucide-react/dist/esm/lucide-react.mjs [app-client] 
(ecmascript).
Did you mean to import FileAxis3d?
All exports of the module are statically known (It doesn't have dynamic exports). So it's known statically that the req
uested export doesn't exist.

Import traces:
  Server Component:
    ./src/lib/tools.ts
    ./src/app/tag/[slug]/page.tsx

  App Route:
    ./src/lib/tools.ts
    ./src/app/sitemap.ts
    ./src/app/sitemap--route-entry.js

  Client Component Browser:
    ./src/lib/tools.ts [Client Component Browser]
    ./src/components/ToolLayout.tsx [Client Component Browser]
    ./src/app/tools/json-to-java-class/page.tsx [Client Component Browser]
    ./src/app/tools/json-to-java-class/page.tsx [Server Component]

  Client Component SSR:
    ./src/lib/tools.ts [Client Component SSR]
    ./src/components/ToolLayout.tsx [Client Component SSR]
    ./src/app/tools/json-to-java-class/page.tsx [Client Component SSR]
    ./src/app/tools/json-to-java-class/page.tsx [Server Component]


./src/lib/tools.ts:1:1
Export FirstAid doesn't exist in target module
[31m[1m>[0m [90m  1 |[0m ﻿[36mimport[0m {
  [90m    |[0m [31m[1m^^^^^^^[0m
[31m[1m>[0m [90m  2 |[0m   [33mBraces[0m,
  [90m    |[0m [31m[1m^^^^^^^^^[0m
[31m[1m>[0m [90m  3 |[0m   [33mBinary[0m,
  [90m    |[0m [31m[1m^^^^^^^^^[0m
[31m[1m>[0m [90m  4 |[0m   [33mLink[0m,
  [90m    |[0m [31m[1m^^^^^^^[0m
[31m[1m>[0m [90m  5 |[0m   [33mRegex[0m,
  [90m    |[0m [31m[1m^^^^^^^^[0m
[31m[1m>[0m [90m  6 |[0m   [33mFingerprint[0m,
  [90m    |[0m [31m[1m^^^^^^^^^^^^^^[0m
[31m[1m>[0m [90m  7 |[0m   [33mClock[0m,
  [90m    |[0m [31m[1m^^^^^^^^[0m
[31m[1m>[0m [90m  8 |[0m   [33mPalette[0m,
  [90m    |[0m [31m[1m^^^^^^^^^^[0m
[31m[1m>[0m [90m  9 |[0m   [33mFileText[0m,
  [90m    |[0m [31m[1m^^^^^^^^^^^[0m
[31m[1m>[0m [90m 10 |[0m   [33mQrCode[0m,
  [90m    |[0m [31m[1m^^^^^^^^^[0m
[31m[1m>[0m [90m 11 |[0m   [33mKeyRound[0m,
  [90m    |[0m [31m[1m^^^^^^^^^^^[0m
[31m[1m>[0m [90m 12 |[0m   [33mHash[0m,
  [90m    |[0m [31m[1m^^^^^^^[0m
[31m[1m>[0m [90m 13 |[0m   [33mCalculator[0m,
  [90m    |[0m [31m[1m^^^^^^^^^^^^^[0m
[31m[1m>[0m [90m 14 |[0m   [33mHome[0m,
  [90m    |[0m [31m[1m^^^^^^^[0m
[31m[1m>[0m [90m 15 |[0m   [33mWallet[0m,
  [90m    |[0m [31m[1m^^^^^^^^^[0m
[31m[1m>[0m [90m 16 |[0m   [33mScale[0m,
  [90m    |[0m [31m[1m^^^^^^^^[0m
[31m[1m>[0m [90m 17 |[0m   [33mBaby[0m,
  [90m    |[0m [31m[1m^^^^^^^[0m
[31m[1m>[0m [90m 18 |[0m   [33mRuler[0m,
  [90m    |[0m [31m[1m^^^^^^^^[0m
[31m[1m>[0m [90m 19 |[0m   [33mType[0m,
  [90m    |[0m [31m[1m^^^^^^^[0m
[31m[1m>[0m [90m 20 |[0m   [33mArrowUpDown[0m,
  [90m    |[0m [31m[1m^^^^^^^^^^^^^^[0m
[31m[1m>[0m [90m 21 |[0m   [33mTrash2[0m,
  [90m    |[0m [31m[1m^^^^^^^^^[0m
[31m[1m>[0m [90m 22 |[0m   [33mShuffle[0m,
  [90m    |[0m [31m[1m^^^^^^^^^^[0m
[31m[1m>[0m [90m 23 |[0m   [33mTicket[0m,
  [90m    |[0m [31m[1m^^^^^^^^^[0m
[31m[1m>[0m [90m 24 |[0m   [33mImage[0m,
  [90m    |[0m [31m[1m^^^^^^^^[0m
[31m[1m>[0m [90m 25 |[0m   [33mImageDown[0m,
  [90m    |[0m [31m[1m^^^^^^^^^^^^[0m
[31m[1m>[0m [90m 26 |[0m   [33mImagePlus[0m,
  [90m    |[0m [31m[1m^^^^^^^^^^^^[0m
[31m[1m>[0m [90m 27 |[0m   [33mFileImage[0m,
  [90m    |[0m [31m[1m^^^^^^^^^^^^[0m
[31m[1m>[0m [90m 28 |[0m   [33mUser[0m,
  [90m    |[0m [31m[1m^^^^^^^[0m
[31m[1m>[0m [90m 29 |[0m   [33mDroplets[0m,
  [90m    |[0m [31m[1m^^^^^^^^^^^[0m
[31m[1m>[0m [90m 30 |[0m   [33mRepeat[0m,
  [90m    |[0m [31m[1m^^^^^^^^^[0m
[31m[1m>[0m [90m 31 |[0m   [33mTimer[0m,
  [90m    |[0m [31m[1m^^^^^^^^[0m
[31m[1m>[0m [90m 32 |[0m   [33mCalendarDays[0m,
  [90m    |[0m [31m[1m^^^^^^^^^^^^^^^[0m
[31m[1m>[0m [90m 33 |[0m   [33mWallet[0m [36mas[0m [33mWalletIcon[0m,
  [90m    |[0m [31m[1m^^^^^^^^^^^^^^^^^^^^^^^[0m
[31m[1m>[0m [90m 34 |[0m   [33mFileDiff[0m,
  [90m    |[0m [31m[1m^^^^^^^^^^^[0m
[31m[1m>[0m [90m 35 |[0m   [33mTable2[0m,
  [90m    |[0m [31m[1m^^^^^^^^^[0m
[31m[1m>[0m [90m 36 |[0m   [33mLanguages[0m,
  [90m    |[0m [31m[1m^^^^^^^^^^^^[0m
[31m[1m>[0m [90m 37 |[0m   [33mGrid3X3[0m,
  [90m    |[0m [31m[1m^^^^^^^^^^[0m
[31m[1m>[0m [90m 38 |[0m   [33mCode2[0m,
  [90m    |[0m [31m[1m^^^^^^^^[0m
[31m[1m>[0m [90m 39 |[0m   [33mFileCode[0m,
  [90m    |[0m [31m[1m^^^^^^^^^^^[0m
[31m[1m>[0m [90m 40 |[0m   [33mScanLine[0m,
  [90m    |[0m [31m[1m^^^^^^^^^^^[0m
[31m[1m>[0m [90m 41 |[0m   [33mAlignLeft[0m,
  [90m    |[0m [31m[1m^^^^^^^^^^^^[0m
[31m[1m>[0m [90m 42 |[0m   [33mContact[0m,
  [90m    |[0m [31m[1m^^^^^^^^^^[0m
[31m[1m>[0m [90m 43 |[0m   [33mCrop[0m,
  [90m    |[0m [31m[1m^^^^^^^[0m
[31m[1m>[0m [90m 44 |[0m   [33mRotateCw[0m,
  [90m    |[0m [31m[1m^^^^^^^^^^^[0m
[31m[1m>[0m [90m 45 |[0m   [33mMaximize2[0m,
  [90m    |[0m [31m[1m^^^^^^^^^^^^[0m
[31m[1m>[0m [90m 46 |[0m   [33mSparkles[0m,
  [90m    |[0m [31m[1m^^^^^^^^^^^[0m
[31m[1m>[0m [90m 47 |[0m   [33mLayers[0m,
  [90m    |[0m [31m[1m^^^^^^^^^[0m
[31m[1m>[0m [90m 48 |[0m   [33mGrid2x2[0m,
  [90m    |[0m [31m[1m^^^^^^^^^^[0m
[31m[1m>[0m [90m 49 |[0m   [33mMonitor[0m,
  [90m    |[0m [31m[1m^^^^^^^^^^[0m
[31m[1m>[0m [90m 50 |[0m   [33mSmile[0m,
  [90m    |[0m [31m[1m^^^^^^^^[0m
[31m[1m>[0m [90m 51 |[0m   [33mFileDown[0m,
  [90m    |[0m [31m[1m^^^^^^^^^^^[0m
[31m[1m>[0m [90m 52 |[0m   [33mCombine[0m,
  [90m    |[0m [31m[1m^^^^^^^^^^[0m
[31m[1m>[0m [90m 53 |[0m   [33mVolume2[0m,
  [90m    |[0m [31m[1m^^^^^^^^^^[0m
[31m[1m>[0m [90m 54 |[0m   [33mEraser[0m,
  [90m    |[0m [31m[1m^^^^^^^^^[0m
[31m[1m>[0m [90m 55 |[0m   [33mFilm[0m,
  [90m    |[0m [31m[1m^^^^^^^[0m
[31m[1m>[0m [90m 56 |[0m   [33mCircle[0m,
  [90m    |[0m [31m[1m^^^^^^^^^[0m
[31m[1m>[0m [90m 57 |[0m   [33mCheckCircle[0m,
  [90m    |[0m [31m[1m^^^^^^^^^^^^^^[0m
[31m[1m>[0m [90m 58 |[0m   [33mArrowLeftRight[0m,
  [90m    |[0m [31m[1m^^^^^^^^^^^^^^^^^[0m
[31m[1m>[0m [90m 59 |[0m   [33mReplace[0m,
  [90m    |[0m [31m[1m^^^^^^^^^^[0m
[31m[1m>[0m [90m 60 |[0m   [33mDatabase[0m,
  [90m    |[0m [31m[1m^^^^^^^^^^^[0m
[31m[1m>[0m [90m 61 |[0m   [33mMinimize2[0m,
  [90m    |[0m [31m[1m^^^^^^^^^^^^[0m
[31m[1m>[0m [90m 62 |[0m   [33mFileJson[0m,
  [90m    |[0m [31m[1m^^^^^^^^^^^[0m
[31m[1m>[0m [90m 63 |[0m   [33mArrowRightLeft[0m,
  [90m    |[0m [31m[1m^^^^^^^^^^^^^^^^^[0m
[31m[1m>[0m [90m 64 |[0m   [33mDownload[0m,
  [90m    |[0m [31m[1m^^^^^^^^^^^[0m
[31m[1m>[0m [90m 65 |[0m   [33mTrash[0m,
  [90m    |[0m [31m[1m^^^^^^^^[0m
[31m[1m>[0m [90m 66 |[0m   [33mFlipHorizontal[0m,
  [90m    |[0m [31m[1m^^^^^^^^^^^^^^^^^[0m
[31m[1m>[0m [90m 67 |[0m   [33mFlipVertical[0m,
  [90m    |[0m [31m[1m^^^^^^^^^^^^^^^[0m
[31m[1m>[0m [90m 68 |[0m   [33mSun[0m,
  [90m    |[0m [31m[1m^^^^^^[0m
[31m[1m>[0m [90m 69 |[0m   [33mSquare[0m,
  [90m    |[0m [31m[1m^^^^^^^^^[0m
[31m[1m>[0m [90m 70 |[0m   [33mContrast[0m,
  [90m    |[0m [31m[1m^^^^^^^^^^^[0m
[31m[1m>[0m [90m 71 |[0m   [33mMinus[0m,
  [90m    |[0m [31m[1m^^^^^^^^[0m
[31m[1m>[0m [90m 72 |[0m   [33mLock[0m,
  [90m    |[0m [31m[1m^^^^^^^[0m
[31m[1m>[0m [90m 73 |[0m   [33mUnlock[0m,
  [90m    |[0m [31m[1m^^^^^^^^^[0m
[31m[1m>[0m [90m 74 |[0m   [33mMail[0m,
  [90m    |[0m [31m[1m^^^^^^^[0m
[31m[1m>[0m [90m 75 |[0m   [33mRadio[0m,
  [90m    |[0m [31m[1m^^^^^^^^[0m
[31m[1m>[0m [90m 76 |[0m   [33mPaintbrush[0m,
  [90m    |[0m [31m[1m^^^^^^^^^^^^^[0m
[31m[1m>[0m [90m 77 |[0m   [33mWind[0m,
  [90m    |[0m [31m[1m^^^^^^^[0m
[31m[1m>[0m [90m 78 |[0m   [33mBox[0m,
  [90m    |[0m [31m[1m^^^^^^[0m
[31m[1m>[0m [90m 79 |[0m   [33mQuote[0m,
  [90m    |[0m [31m[1m^^^^^^^^[0m
[31m[1m>[0m [90m 80 |[0m   [33mAtSign[0m,
  [90m    |[0m [31m[1m^^^^^^^^^[0m
[31m[1m>[0m [90m 81 |[0m   [33mZap[0m,
  [90m    |[0m [31m[1m^^^^^^[0m
[31m[1m>[0m [90m 82 |[0m   [33mUsers[0m,
  [90m    |[0m [31m[1m^^^^^^^^[0m
[31m[1m>[0m [90m 83 |[0m   [33mBarcode[0m,
  [90m    |[0m [31m[1m^^^^^^^^^^[0m
[31m[1m>[0m [90m 84 |[0m   [33mMessageSquare[0m,
  [90m    |[0m [31m[1m^^^^^^^^^^^^^^^^[0m
[31m[1m>[0m [90m 85 |[0m   [33mPercent[0m,
  [90m    |[0m [31m[1m^^^^^^^^^^[0m
[31m[1m>[0m [90m 86 |[0m   [33mDollarSign[0m,
  [90m    |[0m [31m[1m^^^^^^^^^^^^^[0m
[31m[1m>[0m [90m 87 |[0m   [33mTrendingUp[0m,
  [90m    |[0m [31m[1m^^^^^^^^^^^^^[0m
[31m[1m>[0m [90m 88 |[0m   [33mFlame[0m,
  [90m    |[0m [31m[1m^^^^^^^^[0m
[31m[1m>[0m [90m 89 |[0m   [33mTarget[0m,
  [90m    |[0m [31m[1m^^^^^^^^^[0m
[31m[1m>[0m [90m 90 |[0m   [33mDivide[0m,
  [90m    |[0m [31m[1m^^^^^^^^^[0m
[31m[1m>[0m [90m 91 |[0m   [33mGauge[0m,
  [90m    |[0m [31m[1m^^^^^^^^[0m
[31m[1m>[0m [90m 92 |[0m   [33mHardDrive[0m,
  [90m    |[0m [31m[1m^^^^^^^^^^^^[0m
[31m[1m>[0m [90m 93 |[0m   [33mActivity[0m,
  [90m    |[0m [31m[1m^^^^^^^^^^^[0m
[31m[1m>[0m [90m 94 |[0m   [33mBeaker[0m,
  [90m    |[0m [31m[1m^^^^^^^^^[0m
[31m[1m>[0m [90m 95 |[0m   [33mThermometer[0m,
  [90m    |[0m [31m[1m^^^^^^^^^^^^^^[0m
[31m[1m>[0m [90m 96 |[0m   [33mReceipt[0m,
  [90m    |[0m [31m[1m^^^^^^^^^^[0m
[31m[1m>[0m [90m 97 |[0m   [33mBanknote[0m,
  [90m    |[0m [31m[1m^^^^^^^^^^^[0m
[31m[1m>[0m [90m 98 |[0m   [33mPiggyBank[0m,
  [90m    |[0m [31m[1m^^^^^^^^^^^^[0m
[31m[1m>[0m [90m 99 |[0m   [33mCoins[0m,
  [90m    |[0m [31m[1m^^^^^^^^[0m
[31m[1m>[0m [90m100 |[0m   [33mHeart[0m,
  [90m    |[0m [31m[1m^^^^^^^^[0m
[31m[1m>[0m [90m101 |[0m   [33mBadgePercent[0m,
  [90m    |[0m [31m[1m^^^^^^^^^^^^^^^[0m
[31m[1m>[0m [90m102 |[0m   [33mFileSpreadsheet[0m,
  [90m    |[0m [31m[1m^^^^^^^^^^^^^^^^^^[0m
[31m[1m>[0m [90m103 |[0m
  [90m    |[0m [31m[1m^[0m
[31m[1m>[0m [90m104 |[0m   [33mFileType[0m,
  [90m    |[0m [31m[1m^^^^^^^^^^^[0m
[31m[1m>[0m [90m105 |[0m   [33mFileKey[0m,
  [90m    |[0m [31m[1m^^^^^^^^^^[0m
[31m[1m>[0m [90m106 |[0m   [33mFileSignature[0m,
  [90m    |[0m [31m[1m^^^^^^^^^^^^^^^^[0m
[31m[1m>[0m [90m107 |[0m   [33mFileStack[0m,
  [90m    |[0m [31m[1m^^^^^^^^^^^^[0m
[31m[1m>[0m [90m108 |[0m   [33mFileOutput[0m,
  [90m    |[0m [31m[1m^^^^^^^^^^^^^[0m
[31m[1m>[0m [90m109 |[0m   [33mFileInput[0m,
  [90m    |[0m [31m[1m^^^^^^^^^^^^[0m
[31m[1m>[0m [90m110 |[0m   [33mLayoutList[0m,
  [90m    |[0m [31m[1m^^^^^^^^^^^^^[0m
[31m[1m>[0m [90m111 |[0m
  [90m    |[0m [31m[1m^[0m
[31m[1m>[0m [90m112 |[0m   [33mPenLine[0m,
  [90m    |[0m [31m[1m^^^^^^^^^^[0m
[31m[1m>[0m [90m113 |[0m   [33mHighlighter[0m,
  [90m    |[0m [31m[1m^^^^^^^^^^^^^^[0m
[31m[1m>[0m [90m114 |[0m   [33mMusic[0m,
  [90m    |[0m [31m[1m^^^^^^^^[0m
[31m[1m>[0m [90m115 |[0m   [33mVideo[0m,
  [90m    |[0m [31m[1m^^^^^^^^[0m
[31m[1m>[0m [90m116 |[0m   [33mVolumeX[0m,
  [90m    |[0m [31m[1m^^^^^^^^^^[0m
[31m[1m>[0m [90m117 |[0m   [33mFastForward[0m,
  [90m    |[0m [31m[1m^^^^^^^^^^^^^^[0m
[31m[1m>[0m [90m118 |[0m   [33mRewind[0m,
  [90m    |[0m [31m[1m^^^^^^^^^[0m
[31m[1m>[0m [90m119 |[0m   [33mAudioWaveform[0m,
  [90m    |[0m [31m[1m^^^^^^^^^^^^^^^^[0m
[31m[1m>[0m [90m120 |[0m   [33mDisc[0m,
  [90m    |[0m [31m[1m^^^^^^^[0m
[31m[1m>[0m [90m121 |[0m   [33mMic[0m,
  [90m    |[0m [31m[1m^^^^^^[0m
[31m[1m>[0m [90m122 |[0m   [33mRadio[0m [36mas[0m [33mRadioIcon[0m,
  [90m    |[0m [31m[1m^^^^^^^^^^^^^^^^^^^^^[0m
[31m[1m>[0m [90m123 |[0m
  [90m    |[0m [31m[1m^[0m
[31m[1m>[0m [90m124 |[0m   [33mTimer[0m [36mas[0m [33mTimerIcon[0m,
  [90m    |[0m [31m[1m^^^^^^^^^^^^^^^^^^^^^[0m
[31m[1m>[0m [90m125 |[0m
  [90m    |[0m [31m[1m^[0m
[31m[1m>[0m [90m126 |[0m   [33mPause[0m,
  [90m    |[0m [31m[1m^^^^^^^^[0m
[31m[1m>[0m [90m127 |[0m   [33mRotateCcw[0m,
  [90m    |[0m [31m[1m^^^^^^^^^^^^[0m
[31m[1m>[0m [90m128 |[0m   [33mCoins[0m [36mas[0m [33mDiceIcon[0m,
  [90m    |[0m [31m[1m^^^^^^^^^^^^^^^^^^^^[0m
[31m[1m>[0m [90m129 |[0m   [33mTrophy[0m,
  [90m    |[0m [31m[1m^^^^^^^^^[0m
[31m[1m>[0m [90m130 |[0m   [33mTarget[0m [36mas[0m [33mTargetIcon[0m,
  [90m    |[0m [31m[1m^^^^^^^^^^^^^^^^^^^^^^^[0m
[31m[1m>[0m [90m131 |[0m   [33mGlobe[0m,
  [90m    |[0m [31m[1m^^^^^^^^[0m
[31m[1m>[0m [90m132 |[0m   [33mCheckSquare[0m,
  [90m    |[0m [31m[1m^^^^^^^^^^^^^^[0m
[31m[1m>[0m [90m133 |[0m   [33mListTodo[0m,
  [90m    |[0m [31m[1m^^^^^^^^^^^[0m
[31m[1m>[0m [90m134 |[0m   [33mReceipt[0m [36mas[0m [33mReceiptIcon[0m,
  [90m    |[0m [31m[1m^^^^^^^^^^^^^^^^^^^^^^^^^[0m
[31m[1m>[0m [90m135 |[0m   [33mFlame[0m [36mas[0m [33mFlameIcon[0m,
  [90m    |[0m [31m[1m^^^^^^^^^^^^^^^^^^^^^[0m
[31m[1m>[0m [90m136 |[0m   [33mDroplet[0m,
  [90m    |[0m [31m[1m^^^^^^^^^^[0m
[31m[1m>[0m [90m137 |[0m   [33mPipette[0m,
  [90m    |[0m [31m[1m^^^^^^^^^^[0m
[31m[1m>[0m [90m138 |[0m   [33mBlend[0m,
  [90m    |[0m [31m[1m^^^^^^^^[0m
[31m[1m>[0m [90m139 |[0m   [33mSun[0m [36mas[0m [33mSunIcon[0m,
  [90m    |[0m [31m[1m^^^^^^^^^^^^^^^^^[0m
[31m[1m>[0m [90m140 |[0m   [33mCircle[0m [36mas[0m [33mCircleIcon[0m,
  [90m    |[0m [31m[1m^^^^^^^^^^^^^^^^^^^^^^^[0m
[31m[1m>[0m [90m141 |[0m   [33mTag[0m,
  [90m    |[0m [31m[1m^^^^^^[0m
[31m[1m>[0m [90m142 |[0m   [33mEye[0m [36mas[0m [33mEyeIcon[0m,
  [90m    |[0m [31m[1m^^^^^^^^^^^^^^^^^[0m
[31m[1m>[0m [90m143 |[0m   [33mType[0m [36mas[0m [33mTypeIcon[0m,
  [90m    |[0m [31m[1m^^^^^^^^^^^^^^^^^^^[0m
[31m[1m>[0m [90m144 |[0m   [33mAlignCenter[0m,
  [90m    |[0m [31m[1m^^^^^^^^^^^^^^[0m
[31m[1m>[0m [90m145 |[0m   [33mArrowDown[0m,
  [90m    |[0m [31m[1m^^^^^^^^^^^^[0m
[31m[1m>[0m [90m146 |[0m   [33mBarChart2[0m,
  [90m    |[0m [31m[1m^^^^^^^^^^^^[0m
[31m[1m>[0m [90m147 |[0m   [33mBookOpen[0m,
  [90m    |[0m [31m[1m^^^^^^^^^^^[0m
[31m[1m>[0m [90m148 |[0m   [33mCheck[0m,
  [90m    |[0m [31m[1m^^^^^^^^[0m
[31m[1m>[0m [90m149 |[0m   [33mCopy[0m,
  [90m    |[0m [31m[1m^^^^^^^[0m
[31m[1m>[0m [90m150 |[0m   [33mScissors[0m,
  [90m    |[0m [31m[1m^^^^^^^^^^^[0m
[31m[1m>[0m [90m151 |[0m   [33mPlay[0m,
  [90m    |[0m [31m[1m^^^^^^^[0m
[31m[1m>[0m [90m152 |[0m   [33mFileSearch[0m,
  [90m    |[0m [31m[1m^^^^^^^^^^^^^[0m
[31m[1m>[0m [90m153 |[0m   [33mGitCompare[0m,
  [90m    |[0m [31m[1m^^^^^^^^^^^^^[0m
[31m[1m>[0m [90m154 |[0m   [33mListOrdered[0m,
  [90m    |[0m [31m[1m^^^^^^^^^^^^^^[0m
[31m[1m>[0m [90m155 |[0m   [33mMoveHorizontal[0m,
  [90m    |[0m [31m[1m^^^^^^^^^^^^^^^^^[0m
[31m[1m>[0m [90m156 |[0m
  [90m    |[0m [31m[1m^[0m
[31m[1m>[0m [90m157 |[0m
  [90m    |[0m [31m[1m^[0m
[31m[1m>[0m [90m158 |[0m   [33mSearch[0m,
  [90m    |[0m [31m[1m^^^^^^^^^[0m
[31m[1m>[0m [90m159 |[0m   [33mSliders[0m,
  [90m    |[0m [31m[1m^^^^^^^^^^[0m
[31m[1m>[0m [90m160 |[0m   [33mTerminal[0m,
  [90m    |[0m [31m[1m^^^^^^^^^^^[0m
[31m[1m>[0m [90m161 |[0m   [33mGitBranch[0m,
  [90m    |[0m [31m[1m^^^^^^^^^^^^[0m
[31m[1m>[0m [90m162 |[0m   [33mStar[0m,
  [90m    |[0m [31m[1m^^^^^^^[0m
[31m[1m>[0m [90m163 |[0m   [33mBriefcase[0m,
  [90m    |[0m [31m[1m^^^^^^^^^^^^[0m
[31m[1m>[0m [90m164 |[0m   [33mBuilding2[0m,
  [90m    |[0m [31m[1m^^^^^^^^^^^^[0m
[31m[1m>[0m [90m165 |[0m   [33mShield[0m,
  [90m    |[0m [31m[1m^^^^^^^^^[0m
[31m[1m>[0m [90m166 |[0m   [33mGift[0m,
  [90m    |[0m [31m[1m^^^^^^^[0m
[31m[1m>[0m [90m167 |[0m   [33mFocus[0m,
  [90m    |[0m [31m[1m^^^^^^^^[0m
[31m[1m>[0m [90m168 |[0m   [33mPaintbrush2[0m,
  [90m    |[0m [31m[1m^^^^^^^^^^^^^^[0m
[31m[1m>[0m [90m169 |[0m   [33mAperture[0m,
  [90m    |[0m [31m[1m^^^^^^^^^^^[0m
[31m[1m>[0m [90m170 |[0m   [33mWand2[0m,
  [90m    |[0m [31m[1m^^^^^^^^[0m
[31m[1m>[0m [90m171 |[0m   [33mCalendarClock[0m,
  [90m    |[0m [31m[1m^^^^^^^^^^^^^^^^[0m
[31m[1m>[0m [90m172 |[0m   [33mPawPrint[0m,
  [90m    |[0m [31m[1m^^^^^^^^^^^[0m
[31m[1m>[0m [90m173 |[0m   [33mSmartphone[0m,
  [90m    |[0m [31m[1m^^^^^^^^^^^^^[0m
[31m[1m>[0m [90m174 |[0m   [33mIdCard[0m,
  [90m    |[0m [31m[1m^^^^^^^^^[0m
[31m[1m>[0m [90m175 |[0m   [33mCreditCard[0m,
  [90m    |[0m [31m[1m^^^^^^^^^^^^^[0m
[31m[1m>[0m [90m176 |[0m   [33mCar[0m,
  [90m    |[0m [31m[1m^^^^^^[0m
[31m[1m>[0m [90m177 |[0m   [33mServer[0m,
  [90m    |[0m [31m[1m^^^^^^^^^[0m
[31m[1m>[0m [90m178 |[0m   [33mCode[0m,
  [90m    |[0m [31m[1m^^^^^^^[0m
[31m[1m>[0m [90m179 |[0m   [33mFile[0m,
  [90m    |[0m [31m[1m^^^^^^^[0m
[31m[1m>[0m [90m180 |[0m   [33mCalendar[0m,
  [90m    |[0m [31m[1m^^^^^^^^^^^[0m
[31m[1m>[0m [90m181 |[0m   [33mShirt[0m,
  [90m    |[0m [31m[1m^^^^^^^^[0m
[31m[1m>[0m [90m182 |[0m   [33mFlag[0m,
  [90m    |[0m [31m[1m^^^^^^^[0m
[31m[1m>[0m [90m183 |[0m   [33mCrown[0m,
  [90m    |[0m [31m[1m^^^^^^^^[0m
[31m[1m>[0m [90m184 |[0m   [33mAtom[0m,
  [90m    |[0m [31m[1m^^^^^^^[0m
[31m[1m>[0m [90m185 |[0m   [33mBookMarked[0m,
  [90m    |[0m [31m[1m^^^^^^^^^^^^^[0m
[31m[1m>[0m [90m186 |[0m   [33mMessageCircle[0m,
  [90m    |[0m [31m[1m^^^^^^^^^^^^^^^^[0m
[31m[1m>[0m [90m187 |[0m   [33mTable[0m,
  [90m    |[0m [31m[1m^^^^^^^^[0m
[31m[1m>[0m [90m188 |[0m   [33mFunctionSquare[0m,
  [90m    |[0m [31m[1m^^^^^^^^^^^^^^^^^[0m
[31m[1m>[0m [90m189 |[0m   [33mShapes[0m,
  [90m    |[0m [31m[1m^^^^^^^^^[0m
[31m[1m>[0m [90m190 |[0m   [33mPen[0m,
  [90m    |[0m [31m[1m^^^^^^[0m
[31m[1m>[0m [90m191 |[0m   [33mDiagram[0m,
  [90m    |[0m [31m[1m^^^^^^^^^^[0m
[31m[1m>[0m [90m192 |[0m   [33mNetwork[0m,
  [90m    |[0m [31m[1m^^^^^^^^^^[0m
[31m[1m>[0m [90m193 |[0m   [33mClipboardList[0m,
  [90m    |[0m [31m[1m^^^^^^^^^^^^^^^^[0m
[31m[1m>[0m [90m194 |[0m   [33mLayoutGrid[0m,
  [90m    |[0m [31m[1m^^^^^^^^^^^^^[0m
[31m[1m>[0m [90m195 |[0m   [33mInfo[0m,
  [90m    |[0m [31m[1m^^^^^^^[0m
[31m[1m>[0m [90m196 |[0m   [33mCamera[0m,
  [90m    |[0m [31m[1m^^^^^^^^^[0m
[31m[1m>[0m [90m197 |[0m   [33mPipette[0m,
  [90m    |[0m [31m[1m^^^^^^^^^^[0m
[31m[1m>[0m [90m198 |[0m   [33mCircleDot[0m,
  [90m    |[0m [31m[1m^^^^^^^^^^^^[0m
[31m[1m>[0m [90m199 |[0m   [33mPresentation[0m,
  [90m    |[0m [31m[1m^^^^^^^^^^^^^^^[0m
[31m[1m>[0m [90m200 |[0m   [33mBook[0m,
  [90m    |[0m [31m[1m^^^^^^^[0m
[31m[1m>[0m [90m201 |[0m   [33mAlignVerticalSpaceAround[0m,
  [90m    |[0m [31m[1m^^^^^^^^^^^^^^^^^^^^^^^^^^^[0m
[31m[1m>[0m [90m202 |[0m   [33mFileSplit[0m,
  [90m    |[0m [31m[1m^^^^^^^^^^^^[0m
[31m[1m>[0m [90m203 |[0m   [33mFileArchive[0m,
  [90m    |[0m [31m[1m^^^^^^^^^^^^^^[0m
[31m[1m>[0m [90m204 |[0m   [33mWrench[0m,
  [90m    |[0m [31m[1m^^^^^^^^^[0m
[31m[1m>[0m [90m205 |[0m   [33mList[0m,
  [90m    |[0m [31m[1m^^^^^^^[0m
[31m[1m>[0m [90m206 |[0m   [33mImages[0m,
  [90m    |[0m [31m[1m^^^^^^^^^[0m
[31m[1m>[0m [90m207 |[0m   [33mWifi[0m,
  [90m    |[0m [31m[1m^^^^^^^[0m
[31m[1m>[0m [90m208 |[0m   [33mKey[0m,
  [90m    |[0m [31m[1m^^^^^^[0m
[31m[1m>[0m [90m209 |[0m   [33mGraphQl[0m,
  [90m    |[0m [31m[1m^^^^^^^^^^[0m
[31m[1m>[0m [90m210 |[0m   [33mCoffee[0m,
  [90m    |[0m [31m[1m^^^^^^^^^[0m
[31m[1m>[0m [90m211 |[0m   [33mPython[0m,
  [90m    |[0m [31m[1m^^^^^^^^^[0m
[31m[1m>[0m [90m212 |[0m   [33mFilter[0m,
  [90m    |[0m [31m[1m^^^^^^^^^[0m
[31m[1m>[0m [90m213 |[0m   [33mLineChart[0m,
  [90m    |[0m [31m[1m^^^^^^^^^^^^[0m
[31m[1m>[0m [90m214 |[0m   [33mClock4[0m,
  [90m    |[0m [31m[1m^^^^^^^^^[0m
[31m[1m>[0m [90m215 |[0m   [33mFiles[0m,
  [90m    |[0m [31m[1m^^^^^^^^[0m
[31m[1m>[0m [90m216 |[0m   [33mTags[0m,
  [90m    |[0m [31m[1m^^^^^^^[0m
[31m[1m>[0m [90m217 |[0m   [33mUnlink[0m,
  [90m    |[0m [31m[1m^^^^^^^^^[0m
[31m[1m>[0m [90m218 |[0m   [33mBackslash[0m,
  [90m    |[0m [31m[1m^^^^^^^^^^^^[0m
[31m[1m>[0m [90m219 |[0m   [33mHeading[0m,
  [90m    |[0m [31m[1m^^^^^^^^^^[0m
[31m[1m>[0m [90m220 |[0m   [33mSunMoon[0m,
  [90m    |[0m [31m[1m^^^^^^^^^^[0m
[31m[1m>[0m [90m221 |[0m   [33mWaves[0m,
  [90m    |[0m [31m[1m^^^^^^^^[0m
[31m[1m>[0m [90m222 |[0m   [33mEdit[0m,
  [90m    |[0m [31m[1m^^^^^^^[0m
[31m[1m>[0m [90m223 |[0m   [33mMousePointer[0m,
  [90m    |[0m [31m[1m^^^^^^^^^^^^^^^[0m
[31m[1m>[0m [90m224 |[0m   [33mUserPlus[0m,
  [90m    |[0m [31m[1m^^^^^^^^^^^[0m
[31m[1m>[0m [90m225 |[0m   [33mDices[0m,
  [90m    |[0m [31m[1m^^^^^^^^[0m
[31m[1m>[0m [90m226 |[0m   [33mUtensils[0m,
  [90m    |[0m [31m[1m^^^^^^^^^^^[0m
[31m[1m>[0m [90m227 |[0m   [33mWheel[0m,
  [90m    |[0m [31m[1m^^^^^^^^[0m
[31m[1m>[0m [90m228 |[0m   [33mCheckCircle2[0m,
  [90m    |[0m [31m[1m^^^^^^^^^^^^^^^[0m
[31m[1m>[0m [90m229 |[0m   [33mMusic2[0m,
  [90m    |[0m [31m[1m^^^^^^^^^[0m
[31m[1m>[0m [90m230 |[0m   [33mSubtitles[0m,
  [90m    |[0m [31m[1m^^^^^^^^^^^^[0m
[31m[1m>[0m [90m231 |[0m   [33mDrum[0m,
  [90m    |[0m [31m[1m^^^^^^^[0m
[31m[1m>[0m [90m232 |[0m   [33mGuitar[0m,
  [90m    |[0m [31m[1m^^^^^^^^^[0m
[31m[1m>[0m [90m233 |[0m   [33mPhone[0m,
  [90m    |[0m [31m[1m^^^^^^^^[0m
[31m[1m>[0m [90m234 |[0m   [33mKeyboard[0m,
  [90m    |[0m [31m[1m^^^^^^^^^^^[0m
[31m[1m>[0m [90m235 |[0m   [33mUtensilsCrossed[0m,
  [90m    |[0m [31m[1m^^^^^^^^^^^^^^^^^^[0m
[31m[1m>[0m [90m236 |[0m   [33mScroll[0m,
  [90m    |[0m [31m[1m^^^^^^^^^[0m
[31m[1m>[0m [90m237 |[0m   [33mCloudSun[0m,
  [90m    |[0m [31m[1m^^^^^^^^^^^[0m
[31m[1m>[0m [90m238 |[0m   [33mPackage[0m,
  [90m    |[0m [31m[1m^^^^^^^^^^[0m
[31m[1m>[0m [90m239 |[0m   [33mPlane[0m,
  [90m    |[0m [31m[1m^^^^^^^^[0m
[31m[1m>[0m [90m240 |[0m   [33mTrain[0m,
  [90m    |[0m [31m[1m^^^^^^^^[0m
[31m[1m>[0m [90m241 |[0m   [33mGrid3x3[0m,
  [90m    |[0m [31m[1m^^^^^^^^^^[0m
[31m[1m>[0m [90m242 |[0m   [33mSigma[0m,
  [90m    |[0m [31m[1m^^^^^^^^[0m
[31m[1m>[0m [90m243 |[0m   [33mLightbulb[0m,
  [90m    |[0m [31m[1m^^^^^^^^^^^^[0m
[31m[1m>[0m [90m244 |[0m   [33mFlaskConical[0m,
  [90m    |[0m [31m[1m^^^^^^^^^^^^^^^[0m
[31m[1m>[0m [90m245 |[0m   [33mPenTool[0m,
  [90m    |[0m [31m[1m^^^^^^^^^^[0m
[31m[1m>[0m [90m246 |[0m   [33mScrollText[0m,
  [90m    |[0m [31m[1m^^^^^^^^^^^^^[0m
[31m[1m>[0m [90m247 |[0m   [33mMap[0m,
  [90m    |[0m [31m[1m^^^^^^[0m
[31m[1m>[0m [90m248 |[0m   [33mLandmark[0m,
  [90m    |[0m [31m[1m^^^^^^^^^^^[0m
[31m[1m>[0m [90m249 |[0m   [33mHeadphones[0m,
  [90m    |[0m [31m[1m^^^^^^^^^^^^^[0m
[31m[1m>[0m [90m250 |[0m   [33mBrain[0m,
  [90m    |[0m [31m[1m^^^^^^^^[0m
[31m[1m>[0m [90m251 |[0m   [33mFileCheck[0m,
  [90m    |[0m [31m[1m^^^^^^^^^^^^[0m
[31m[1m>[0m [90m252 |[0m   [33mFileQuestion[0m,
  [90m    |[0m [31m[1m^^^^^^^^^^^^^^^[0m
[31m[1m>[0m [90m253 |[0m   [33mFlaskRound[0m,
  [90m    |[0m [31m[1m^^^^^^^^^^^^^[0m
[31m[1m>[0m [90m254 |[0m   [33mPuzzle[0m,
  [90m    |[0m [31m[1m^^^^^^^^^[0m
[31m[1m>[0m [90m255 |[0m   [33mPieChart[0m,
  [90m    |[0m [31m[1m^^^^^^^^^^^[0m
[31m[1m>[0m [90m256 |[0m   [33mArrowDownRight[0m,
  [90m    |[0m [31m[1m^^^^^^^^^^^^^^^^^[0m
[31m[1m>[0m [90m257 |[0m   [33mRefreshCw[0m,
  [90m    |[0m [31m[1m^^^^^^^^^^^^[0m
[31m[1m>[0m [90m258 |[0m   [33mShieldCheck[0m,
  [90m    |[0m [31m[1m^^^^^^^^^^^^^^[0m
[31m[1m>[0m [90m259 |[0m   [33mGraduationCap[0m,
  [90m    |[0m [31m[1m^^^^^^^^^^^^^^^^[0m
[31m[1m>[0m [90m260 |[0m   [33mRocket[0m,
  [90m    |[0m [31m[1m^^^^^^^^^[0m
[31m[1m>[0m [90m261 |[0m   [33mDumbbell[0m,
  [90m    |[0m [31m[1m^^^^^^^^^^^[0m
[31m[1m>[0m [90m262 |[0m   [33mMoon[0m,
  [90m    |[0m [31m[1m^^^^^^^[0m
[31m[1m>[0m [90m263 |[0m   [33mCalendarHeart[0m,
  [90m    |[0m [31m[1m^^^^^^^^^^^^^^^^[0m
[31m[1m>[0m [90m264 |[0m   [33mPersonStanding[0m,
  [90m    |[0m [31m[1m^^^^^^^^^^^^^^^^^[0m
[31m[1m>[0m [90m265 |[0m   [33mHeartPulse[0m,
  [90m    |[0m [31m[1m^^^^^^^^^^^^^[0m
[31m[1m>[0m [90m266 |[0m   [33mFlower2[0m,
  [90m    |[0m [31m[1m^^^^^^^^^^[0m
[31m[1m>[0m [90m267 |[0m   [33mSystole[0m,
  [90m    |[0m [31m[1m^^^^^^^^^^[0m
[31m[1m>[0m [90m268 |[0m   [33mTestTube[0m,
  [90m    |[0m [31m[1m^^^^^^^^^^^[0m
[31m[1m>[0m [90m269 |[0m   [33mPill[0m,
  [90m    |[0m [31m[1m^^^^^^^[0m
[31m[1m>[0m [90m270 |[0m   [33mFootprints[0m,
  [90m    |[0m [31m[1m^^^^^^^^^^^^^[0m
[31m[1m>[0m [90m271 |[0m   [33mGlasses[0m,
  [90m    |[0m [31m[1m^^^^^^^^^^[0m
[31m[1m>[0m [90m272 |[0m   [33mFlower[0m,
  [90m    |[0m [31m[1m^^^^^^^^^[0m
[31m[1m>[0m [90m273 |[0m   [33mFirstAid[0m,
  [90m    |[0m [31m[1m^^^^^^^^^^^[0m
[31m[1m>[0m [90m274 |[0m   [33mPlug[0m,
  [90m    |[0m [31m[1m^^^^^^^[0m
[31m[1m>[0m [90m275 |[0m   [33mLink2[0m,
  [90m    |[0m [31m[1m^^^^^^^^[0m
[31m[1m>[0m [90m276 |[0m   [33mPaintBucket[0m,
  [90m    |[0m [31m[1m^^^^^^^^^^^^^^[0m
[31m[1m>[0m [90m277 |[0m   [33mAppWindow[0m,
  [90m    |[0m [31m[1m^^^^^^^^^^^^[0m
[31m[1m>[0m [90m278 |[0m   [33mColumns2[0m,
  [90m    |[0m [31m[1m^^^^^^^^^^^[0m
[31m[1m>[0m [90m279 |[0m   [33mCake[0m,
  [90m    |[0m [31m[1m^^^^^^^[0m
[31m[1m>[0m [90m280 |[0m   [33mTriangle[0m,
  [90m    |[0m [31m[1m^^^^^^^^^^^[0m
[31m[1m>[0m [90m281 |[0m   [33mGlassWater[0m,
  [90m    |[0m [31m[1m^^^^^^^^^^^^^[0m
[31m[1m>[0m [90m282 |[0m   [33mCalendarCheck[0m,
  [90m    |[0m [31m[1m^^^^^^^^^^^^^^^^[0m
[31m[1m>[0m [90m283 |[0m   [33mShoppingCart[0m,
  [90m    |[0m [31m[1m^^^^^^^^^^^^^^^[0m
[31m[1m>[0m [90m284 |[0m   [33mChefHat[0m,
  [90m    |[0m [31m[1m^^^^^^^^^^[0m
[31m[1m>[0m [90m285 |[0m   [33mAward[0m,
  [90m    |[0m [31m[1m^^^^^^^^[0m
[31m[1m>[0m [90m286 |[0m   [33mBackpack[0m,
  [90m    |[0m [31m[1m^^^^^^^^^^^[0m
[31m[1m>[0m [90m287 |[0m   [33mMegaphone[0m,
  [90m    |[0m [31m[1m^^^^^^^^^^^^[0m
[31m[1m>[0m [90m288 |[0m   [33mMailPlus[0m,
  [90m    |[0m [31m[1m^^^^^^^^^^^[0m
[31m[1m>[0m [90m289 |[0m   [33mFeather[0m,
  [90m    |[0m [31m[1m^^^^^^^^^^[0m
[31m[1m>[0m [90m290 |[0m   [33mSlidersHorizontal[0m,
  [90m    |[0m [31m[1m^^^^^^^^^^^^^^^^^^^^[0m
[31m[1m>[0m [90m291 |[0m   [33mSettings[0m,
  [90m    |[0m [31m[1m^^^^^^^^^^^[0m
[31m[1m>[0m [90m292 |[0m   [33mComponent[0m,
  [90m    |[0m [31m[1m^^^^^^^^^^^^[0m
[31m[1m>[0m [90m293 |[0m   [33mArchive[0m,
  [90m    |[0m [31m[1m^^^^^^^^^^[0m
[31m[1m>[0m [90m294 |[0m } [36mfrom[0m [32m"lucide-react"[0m;
  [90m    |[0m [31m[1m^^^^^^^^^^^^^^^^^^^[0m
  [90m295 |[0m
  [90m296 |[0m [36mexport[0m [36minterface[0m [33mTool[0m {
  [90m297 |[0m   id: string;

The export FirstAid was not found in module [project]/node_modules/lucide-react/dist/esm/lucide-react.mjs [app-route] (
ecmascript).
Did you mean to import FileAxis3d?
All exports of the module are statically known (It doesn't have dynamic exports). So it's known statically that the req
uested export doesn't exist.

Import traces:
  Server Component:
    ./src/lib/tools.ts
    ./src/app/tag/[slug]/page.tsx

  App Route:
    ./src/lib/tools.ts
    ./src/app/sitemap.ts
    ./src/app/sitemap--route-entry.js

  Client Component Browser:
    ./src/lib/tools.ts [Client Component Browser]
    ./src/components/ToolLayout.tsx [Client Component Browser]
    ./src/app/tools/json-to-java-class/page.tsx [Client Component Browser]
    ./src/app/tools/json-to-java-class/page.tsx [Server Component]

  Client Component SSR:
    ./src/lib/tools.ts [Client Component SSR]
    ./src/components/ToolLayout.tsx [Client Component SSR]
    ./src/app/tools/json-to-java-class/page.tsx [Client Component SSR]
    ./src/app/tools/json-to-java-class/page.tsx [Server Component]


./src/lib/tools.ts:1:1
Export FirstAid doesn't exist in target module
[31m[1m>[0m [90m  1 |[0m ﻿[36mimport[0m {
  [90m    |[0m [31m[1m^^^^^^^[0m
[31m[1m>[0m [90m  2 |[0m   [33mBraces[0m,
  [90m    |[0m [31m[1m^^^^^^^^^[0m
[31m[1m>[0m [90m  3 |[0m   [33mBinary[0m,
  [90m    |[0m [31m[1m^^^^^^^^^[0m
[31m[1m>[0m [90m  4 |[0m   [33mLink[0m,
  [90m    |[0m [31m[1m^^^^^^^[0m
[31m[1m>[0m [90m  5 |[0m   [33mRegex[0m,
  [90m    |[0m [31m[1m^^^^^^^^[0m
[31m[1m>[0m [90m  6 |[0m   [33mFingerprint[0m,
  [90m    |[0m [31m[1m^^^^^^^^^^^^^^[0m
[31m[1m>[0m [90m  7 |[0m   [33mClock[0m,
  [90m    |[0m [31m[1m^^^^^^^^[0m
[31m[1m>[0m [90m  8 |[0m   [33mPalette[0m,
  [90m    |[0m [31m[1m^^^^^^^^^^[0m
[31m[1m>[0m [90m  9 |[0m   [33mFileText[0m,
  [90m    |[0m [31m[1m^^^^^^^^^^^[0m
[31m[1m>[0m [90m 10 |[0m   [33mQrCode[0m,
  [90m    |[0m [31m[1m^^^^^^^^^[0m
[31m[1m>[0m [90m 11 |[0m   [33mKeyRound[0m,
  [90m    |[0m [31m[1m^^^^^^^^^^^[0m
[31m[1m>[0m [90m 12 |[0m   [33mHash[0m,
  [90m    |[0m [31m[1m^^^^^^^[0m
[31m[1m>[0m [90m 13 |[0m   [33mCalculator[0m,
  [90m    |[0m [31m[1m^^^^^^^^^^^^^[0m
[31m[1m>[0m [90m 14 |[0m   [33mHome[0m,
  [90m    |[0m [31m[1m^^^^^^^[0m
[31m[1m>[0m [90m 15 |[0m   [33mWallet[0m,
  [90m    |[0m [31m[1m^^^^^^^^^[0m
[31m[1m>[0m [90m 16 |[0m   [33mScale[0m,
  [90m    |[0m [31m[1m^^^^^^^^[0m
[31m[1m>[0m [90m 17 |[0m   [33mBaby[0m,
  [90m    |[0m [31m[1m^^^^^^^[0m
[31m[1m>[0m [90m 18 |[0m   [33mRuler[0m,
  [90m    |[0m [31m[1m^^^^^^^^[0m
[31m[1m>[0m [90m 19 |[0m   [33mType[0m,
  [90m    |[0m [31m[1m^^^^^^^[0m
[31m[1m>[0m [90m 20 |[0m   [33mArrowUpDown[0m,
  [90m    |[0m [31m[1m^^^^^^^^^^^^^^[0m
[31m[1m>[0m [90m 21 |[0m   [33mTrash2[0m,
  [90m    |[0m [31m[1m^^^^^^^^^[0m
[31m[1m>[0m [90m 22 |[0m   [33mShuffle[0m,
  [90m    |[0m [31m[1m^^^^^^^^^^[0m
[31m[1m>[0m [90m 23 |[0m   [33mTicket[0m,
  [90m    |[0m [31m[1m^^^^^^^^^[0m
[31m[1m>[0m [90m 24 |[0m   [33mImage[0m,
  [90m    |[0m [31m[1m^^^^^^^^[0m
[31m[1m>[0m [90m 25 |[0m   [33mImageDown[0m,
  [90m    |[0m [31m[1m^^^^^^^^^^^^[0m
[31m[1m>[0m [90m 26 |[0m   [33mImagePlus[0m,
  [90m    |[0m [31m[1m^^^^^^^^^^^^[0m
[31m[1m>[0m [90m 27 |[0m   [33mFileImage[0m,
  [90m    |[0m [31m[1m^^^^^^^^^^^^[0m
[31m[1m>[0m [90m 28 |[0m   [33mUser[0m,
  [90m    |[0m [31m[1m^^^^^^^[0m
[31m[1m>[0m [90m 29 |[0m   [33mDroplets[0m,
  [90m    |[0m [31m[1m^^^^^^^^^^^[0m
[31m[1m>[0m [90m 30 |[0m   [33mRepeat[0m,
  [90m    |[0m [31m[1m^^^^^^^^^[0m
[31m[1m>[0m [90m 31 |[0m   [33mTimer[0m,
  [90m    |[0m [31m[1m^^^^^^^^[0m
[31m[1m>[0m [90m 32 |[0m   [33mCalendarDays[0m,
  [90m    |[0m [31m[1m^^^^^^^^^^^^^^^[0m
[31m[1m>[0m [90m 33 |[0m   [33mWallet[0m [36mas[0m [33mWalletIcon[0m,
  [90m    |[0m [31m[1m^^^^^^^^^^^^^^^^^^^^^^^[0m
[31m[1m>[0m [90m 34 |[0m   [33mFileDiff[0m,
  [90m    |[0m [31m[1m^^^^^^^^^^^[0m
[31m[1m>[0m [90m 35 |[0m   [33mTable2[0m,
  [90m    |[0m [31m[1m^^^^^^^^^[0m
[31m[1m>[0m [90m 36 |[0m   [33mLanguages[0m,
  [90m    |[0m [31m[1m^^^^^^^^^^^^[0m
[31m[1m>[0m [90m 37 |[0m   [33mGrid3X3[0m,
  [90m    |[0m [31m[1m^^^^^^^^^^[0m
[31m[1m>[0m [90m 38 |[0m   [33mCode2[0m,
  [90m    |[0m [31m[1m^^^^^^^^[0m
[31m[1m>[0m [90m 39 |[0m   [33mFileCode[0m,
  [90m    |[0m [31m[1m^^^^^^^^^^^[0m
[31m[1m>[0m [90m 40 |[0m   [33mScanLine[0m,
  [90m    |[0m [31m[1m^^^^^^^^^^^[0m
[31m[1m>[0m [90m 41 |[0m   [33mAlignLeft[0m,
  [90m    |[0m [31m[1m^^^^^^^^^^^^[0m
[31m[1m>[0m [90m 42 |[0m   [33mContact[0m,
  [90m    |[0m [31m[1m^^^^^^^^^^[0m
[31m[1m>[0m [90m 43 |[0m   [33mCrop[0m,
  [90m    |[0m [31m[1m^^^^^^^[0m
[31m[1m>[0m [90m 44 |[0m   [33mRotateCw[0m,
  [90m    |[0m [31m[1m^^^^^^^^^^^[0m
[31m[1m>[0m [90m 45 |[0m   [33mMaximize2[0m,
  [90m    |[0m [31m[1m^^^^^^^^^^^^[0m
[31m[1m>[0m [90m 46 |[0m   [33mSparkles[0m,
  [90m    |[0m [31m[1m^^^^^^^^^^^[0m
[31m[1m>[0m [90m 47 |[0m   [33mLayers[0m,
  [90m    |[0m [31m[1m^^^^^^^^^[0m
[31m[1m>[0m [90m 48 |[0m   [33mGrid2x2[0m,
  [90m    |[0m [31m[1m^^^^^^^^^^[0m
[31m[1m>[0m [90m 49 |[0m   [33mMonitor[0m,
  [90m    |[0m [31m[1m^^^^^^^^^^[0m
[31m[1m>[0m [90m 50 |[0m   [33mSmile[0m,
  [90m    |[0m [31m[1m^^^^^^^^[0m
[31m[1m>[0m [90m 51 |[0m   [33mFileDown[0m,
  [90m    |[0m [31m[1m^^^^^^^^^^^[0m
[31m[1m>[0m [90m 52 |[0m   [33mCombine[0m,
  [90m    |[0m [31m[1m^^^^^^^^^^[0m
[31m[1m>[0m [90m 53 |[0m   [33mVolume2[0m,
  [90m    |[0m [31m[1m^^^^^^^^^^[0m
[31m[1m>[0m [90m 54 |[0m   [33mEraser[0m,
  [90m    |[0m [31m[1m^^^^^^^^^[0m
[31m[1m>[0m [90m 55 |[0m   [33mFilm[0m,
  [90m    |[0m [31m[1m^^^^^^^[0m
[31m[1m>[0m [90m 56 |[0m   [33mCircle[0m,
  [90m    |[0m [31m[1m^^^^^^^^^[0m
[31m[1m>[0m [90m 57 |[0m   [33mCheckCircle[0m,
  [90m    |[0m [31m[1m^^^^^^^^^^^^^^[0m
[31m[1m>[0m [90m 58 |[0m   [33mArrowLeftRight[0m,
  [90m    |[0m [31m[1m^^^^^^^^^^^^^^^^^[0m
[31m[1m>[0m [90m 59 |[0m   [33mReplace[0m,
  [90m    |[0m [31m[1m^^^^^^^^^^[0m
[31m[1m>[0m [90m 60 |[0m   [33mDatabase[0m,
  [90m    |[0m [31m[1m^^^^^^^^^^^[0m
[31m[1m>[0m [90m 61 |[0m   [33mMinimize2[0m,
  [90m    |[0m [31m[1m^^^^^^^^^^^^[0m
[31m[1m>[0m [90m 62 |[0m   [33mFileJson[0m,
  [90m    |[0m [31m[1m^^^^^^^^^^^[0m
[31m[1m>[0m [90m 63 |[0m   [33mArrowRightLeft[0m,
  [90m    |[0m [31m[1m^^^^^^^^^^^^^^^^^[0m
[31m[1m>[0m [90m 64 |[0m   [33mDownload[0m,
  [90m    |[0m [31m[1m^^^^^^^^^^^[0m
[31m[1m>[0m [90m 65 |[0m   [33mTrash[0m,
  [90m    |[0m [31m[1m^^^^^^^^[0m
[31m[1m>[0m [90m 66 |[0m   [33mFlipHorizontal[0m,
  [90m    |[0m [31m[1m^^^^^^^^^^^^^^^^^[0m
[31m[1m>[0m [90m 67 |[0m   [33mFlipVertical[0m,
  [90m    |[0m [31m[1m^^^^^^^^^^^^^^^[0m
[31m[1m>[0m [90m 68 |[0m   [33mSun[0m,
  [90m    |[0m [31m[1m^^^^^^[0m
[31m[1m>[0m [90m 69 |[0m   [33mSquare[0m,
  [90m    |[0m [31m[1m^^^^^^^^^[0m
[31m[1m>[0m [90m 70 |[0m   [33mContrast[0m,
  [90m    |[0m [31m[1m^^^^^^^^^^^[0m
[31m[1m>[0m [90m 71 |[0m   [33mMinus[0m,
  [90m    |[0m [31m[1m^^^^^^^^[0m
[31m[1m>[0m [90m 72 |[0m   [33mLock[0m,
  [90m    |[0m [31m[1m^^^^^^^[0m
[31m[1m>[0m [90m 73 |[0m   [33mUnlock[0m,
  [90m    |[0m [31m[1m^^^^^^^^^[0m
[31m[1m>[0m [90m 74 |[0m   [33mMail[0m,
  [90m    |[0m [31m[1m^^^^^^^[0m
[31m[1m>[0m [90m 75 |[0m   [33mRadio[0m,
  [90m    |[0m [31m[1m^^^^^^^^[0m
[31m[1m>[0m [90m 76 |[0m   [33mPaintbrush[0m,
  [90m    |[0m [31m[1m^^^^^^^^^^^^^[0m
[31m[1m>[0m [90m 77 |[0m   [33mWind[0m,
  [90m    |[0m [31m[1m^^^^^^^[0m
[31m[1m>[0m [90m 78 |[0m   [33mBox[0m,
  [90m    |[0m [31m[1m^^^^^^[0m
[31m[1m>[0m [90m 79 |[0m   [33mQuote[0m,
  [90m    |[0m [31m[1m^^^^^^^^[0m
[31m[1m>[0m [90m 80 |[0m   [33mAtSign[0m,
  [90m    |[0m [31m[1m^^^^^^^^^[0m
[31m[1m>[0m [90m 81 |[0m   [33mZap[0m,
  [90m    |[0m [31m[1m^^^^^^[0m
[31m[1m>[0m [90m 82 |[0m   [33mUsers[0m,
  [90m    |[0m [31m[1m^^^^^^^^[0m
[31m[1m>[0m [90m 83 |[0m   [33mBarcode[0m,
  [90m    |[0m [31m[1m^^^^^^^^^^[0m
[31m[1m>[0m [90m 84 |[0m   [33mMessageSquare[0m,
  [90m    |[0m [31m[1m^^^^^^^^^^^^^^^^[0m
[31m[1m>[0m [90m 85 |[0m   [33mPercent[0m,
  [90m    |[0m [31m[1m^^^^^^^^^^[0m
[31m[1m>[0m [90m 86 |[0m   [33mDollarSign[0m,
  [90m    |[0m [31m[1m^^^^^^^^^^^^^[0m
[31m[1m>[0m [90m 87 |[0m   [33mTrendingUp[0m,
  [90m    |[0m [31m[1m^^^^^^^^^^^^^[0m
[31m[1m>[0m [90m 88 |[0m   [33mFlame[0m,
  [90m    |[0m [31m[1m^^^^^^^^[0m
[31m[1m>[0m [90m 89 |[0m   [33mTarget[0m,
  [90m    |[0m [31m[1m^^^^^^^^^[0m
[31m[1m>[0m [90m 90 |[0m   [33mDivide[0m,
  [90m    |[0m [31m[1m^^^^^^^^^[0m
[31m[1m>[0m [90m 91 |[0m   [33mGauge[0m,
  [90m    |[0m [31m[1m^^^^^^^^[0m
[31m[1m>[0m [90m 92 |[0m   [33mHardDrive[0m,
  [90m    |[0m [31m[1m^^^^^^^^^^^^[0m
[31m[1m>[0m [90m 93 |[0m   [33mActivity[0m,
  [90m    |[0m [31m[1m^^^^^^^^^^^[0m
[31m[1m>[0m [90m 94 |[0m   [33mBeaker[0m,
  [90m    |[0m [31m[1m^^^^^^^^^[0m
[31m[1m>[0m [90m 95 |[0m   [33mThermometer[0m,
  [90m    |[0m [31m[1m^^^^^^^^^^^^^^[0m
[31m[1m>[0m [90m 96 |[0m   [33mReceipt[0m,
  [90m    |[0m [31m[1m^^^^^^^^^^[0m
[31m[1m>[0m [90m 97 |[0m   [33mBanknote[0m,
  [90m    |[0m [31m[1m^^^^^^^^^^^[0m
[31m[1m>[0m [90m 98 |[0m   [33mPiggyBank[0m,
  [90m    |[0m [31m[1m^^^^^^^^^^^^[0m
[31m[1m>[0m [90m 99 |[0m   [33mCoins[0m,
  [90m    |[0m [31m[1m^^^^^^^^[0m
[31m[1m>[0m [90m100 |[0m   [33mHeart[0m,
  [90m    |[0m [31m[1m^^^^^^^^[0m
[31m[1m>[0m [90m101 |[0m   [33mBadgePercent[0m,
  [90m    |[0m [31m[1m^^^^^^^^^^^^^^^[0m
[31m[1m>[0m [90m102 |[0m   [33mFileSpreadsheet[0m,
  [90m    |[0m [31m[1m^^^^^^^^^^^^^^^^^^[0m
[31m[1m>[0m [90m103 |[0m
  [90m    |[0m [31m[1m^[0m
[31m[1m>[0m [90m104 |[0m   [33mFileType[0m,
  [90m    |[0m [31m[1m^^^^^^^^^^^[0m
[31m[1m>[0m [90m105 |[0m   [33mFileKey[0m,
  [90m    |[0m [31m[1m^^^^^^^^^^[0m
[31m[1m>[0m [90m106 |[0m   [33mFileSignature[0m,
  [90m    |[0m [31m[1m^^^^^^^^^^^^^^^^[0m
[31m[1m>[0m [90m107 |[0m   [33mFileStack[0m,
  [90m    |[0m [31m[1m^^^^^^^^^^^^[0m
[31m[1m>[0m [90m108 |[0m   [33mFileOutput[0m,
  [90m    |[0m [31m[1m^^^^^^^^^^^^^[0m
[31m[1m>[0m [90m109 |[0m   [33mFileInput[0m,
  [90m    |[0m [31m[1m^^^^^^^^^^^^[0m
[31m[1m>[0m [90m110 |[0m   [33mLayoutList[0m,
  [90m    |[0m [31m[1m^^^^^^^^^^^^^[0m
[31m[1m>[0m [90m111 |[0m
  [90m    |[0m [31m[1m^[0m
[31m[1m>[0m [90m112 |[0m   [33mPenLine[0m,
  [90m    |[0m [31m[1m^^^^^^^^^^[0m
[31m[1m>[0m [90m113 |[0m   [33mHighlighter[0m,
  [90m    |[0m [31m[1m^^^^^^^^^^^^^^[0m
[31m[1m>[0m [90m114 |[0m   [33mMusic[0m,
  [90m    |[0m [31m[1m^^^^^^^^[0m
[31m[1m>[0m [90m115 |[0m   [33mVideo[0m,
  [90m    |[0m [31m[1m^^^^^^^^[0m
[31m[1m>[0m [90m116 |[0m   [33mVolumeX[0m,
  [90m    |[0m [31m[1m^^^^^^^^^^[0m
[31m[1m>[0m [90m117 |[0m   [33mFastForward[0m,
  [90m    |[0m [31m[1m^^^^^^^^^^^^^^[0m
[31m[1m>[0m [90m118 |[0m   [33mRewind[0m,
  [90m    |[0m [31m[1m^^^^^^^^^[0m
[31m[1m>[0m [90m119 |[0m   [33mAudioWaveform[0m,
  [90m    |[0m [31m[1m^^^^^^^^^^^^^^^^[0m
[31m[1m>[0m [90m120 |[0m   [33mDisc[0m,
  [90m    |[0m [31m[1m^^^^^^^[0m
[31m[1m>[0m [90m121 |[0m   [33mMic[0m,
  [90m    |[0m [31m[1m^^^^^^[0m
[31m[1m>[0m [90m122 |[0m   [33mRadio[0m [36mas[0m [33mRadioIcon[0m,
  [90m    |[0m [31m[1m^^^^^^^^^^^^^^^^^^^^^[0m
[31m[1m>[0m [90m123 |[0m
  [90m    |[0m [31m[1m^[0m
[31m[1m>[0m [90m124 |[0m   [33mTimer[0m [36mas[0m [33mTimerIcon[0m,
  [90m    |[0m [31m[1m^^^^^^^^^^^^^^^^^^^^^[0m
[31m[1m>[0m [90m125 |[0m
  [90m    |[0m [31m[1m^[0m
[31m[1m>[0m [90m126 |[0m   [33mPause[0m,
  [90m    |[0m [31m[1m^^^^^^^^[0m
[31m[1m>[0m [90m127 |[0m   [33mRotateCcw[0m,
  [90m    |[0m [31m[1m^^^^^^^^^^^^[0m
[31m[1m>[0m [90m128 |[0m   [33mCoins[0m [36mas[0m [33mDiceIcon[0m,
  [90m    |[0m [31m[1m^^^^^^^^^^^^^^^^^^^^[0m
[31m[1m>[0m [90m129 |[0m   [33mTrophy[0m,
  [90m    |[0m [31m[1m^^^^^^^^^[0m
[31m[1m>[0m [90m130 |[0m   [33mTarget[0m [36mas[0m [33mTargetIcon[0m,
  [90m    |[0m [31m[1m^^^^^^^^^^^^^^^^^^^^^^^[0m
[31m[1m>[0m [90m131 |[0m   [33mGlobe[0m,
  [90m    |[0m [31m[1m^^^^^^^^[0m
[31m[1m>[0m [90m132 |[0m   [33mCheckSquare[0m,
  [90m    |[0m [31m[1m^^^^^^^^^^^^^^[0m
[31m[1m>[0m [90m133 |[0m   [33mListTodo[0m,
  [90m    |[0m [31m[1m^^^^^^^^^^^[0m
[31m[1m>[0m [90m134 |[0m   [33mReceipt[0m [36mas[0m [33mReceiptIcon[0m,
  [90m    |[0m [31m[1m^^^^^^^^^^^^^^^^^^^^^^^^^[0m
[31m[1m>[0m [90m135 |[0m   [33mFlame[0m [36mas[0m [33mFlameIcon[0m,
  [90m    |[0m [31m[1m^^^^^^^^^^^^^^^^^^^^^[0m
[31m[1m>[0m [90m136 |[0m   [33mDroplet[0m,
  [90m    |[0m [31m[1m^^^^^^^^^^[0m
[31m[1m>[0m [90m137 |[0m   [33mPipette[0m,
  [90m    |[0m [31m[1m^^^^^^^^^^[0m
[31m[1m>[0m [90m138 |[0m   [33mBlend[0m,
  [90m    |[0m [31m[1m^^^^^^^^[0m
[31m[1m>[0m [90m139 |[0m   [33mSun[0m [36mas[0m [33mSunIcon[0m,
  [90m    |[0m [31m[1m^^^^^^^^^^^^^^^^^[0m
[31m[1m>[0m [90m140 |[0m   [33mCircle[0m [36mas[0m [33mCircleIcon[0m,
  [90m    |[0m [31m[1m^^^^^^^^^^^^^^^^^^^^^^^[0m
[31m[1m>[0m [90m141 |[0m   [33mTag[0m,
  [90m    |[0m [31m[1m^^^^^^[0m
[31m[1m>[0m [90m142 |[0m   [33mEye[0m [36mas[0m [33mEyeIcon[0m,
  [90m    |[0m [31m[1m^^^^^^^^^^^^^^^^^[0m
[31m[1m>[0m [90m143 |[0m   [33mType[0m [36mas[0m [33mTypeIcon[0m,
  [90m    |[0m [31m[1m^^^^^^^^^^^^^^^^^^^[0m
[31m[1m>[0m [90m144 |[0m   [33mAlignCenter[0m,
  [90m    |[0m [31m[1m^^^^^^^^^^^^^^[0m
[31m[1m>[0m [90m145 |[0m   [33mArrowDown[0m,
  [90m    |[0m [31m[1m^^^^^^^^^^^^[0m
[31m[1m>[0m [90m146 |[0m   [33mBarChart2[0m,
  [90m    |[0m [31m[1m^^^^^^^^^^^^[0m
[31m[1m>[0m [90m147 |[0m   [33mBookOpen[0m,
  [90m    |[0m [31m[1m^^^^^^^^^^^[0m
[31m[1m>[0m [90m148 |[0m   [33mCheck[0m,
  [90m    |[0m [31m[1m^^^^^^^^[0m
[31m[1m>[0m [90m149 |[0m   [33mCopy[0m,
  [90m    |[0m [31m[1m^^^^^^^[0m
[31m[1m>[0m [90m150 |[0m   [33mScissors[0m,
  [90m    |[0m [31m[1m^^^^^^^^^^^[0m
[31m[1m>[0m [90m151 |[0m   [33mPlay[0m,
  [90m    |[0m [31m[1m^^^^^^^[0m
[31m[1m>[0m [90m152 |[0m   [33mFileSearch[0m,
  [90m    |[0m [31m[1m^^^^^^^^^^^^^[0m
[31m[1m>[0m [90m153 |[0m   [33mGitCompare[0m,
  [90m    |[0m [31m[1m^^^^^^^^^^^^^[0m
[31m[1m>[0m [90m154 |[0m   [33mListOrdered[0m,
  [90m    |[0m [31m[1m^^^^^^^^^^^^^^[0m
[31m[1m>[0m [90m155 |[0m   [33mMoveHorizontal[0m,
  [90m    |[0m [31m[1m^^^^^^^^^^^^^^^^^[0m
[31m[1m>[0m [90m156 |[0m
  [90m    |[0m [31m[1m^[0m
[31m[1m>[0m [90m157 |[0m
  [90m    |[0m [31m[1m^[0m
[31m[1m>[0m [90m158 |[0m   [33mSearch[0m,
  [90m    |[0m [31m[1m^^^^^^^^^[0m
[31m[1m>[0m [90m159 |[0m   [33mSliders[0m,
  [90m    |[0m [31m[1m^^^^^^^^^^[0m
[31m[1m>[0m [90m160 |[0m   [33mTerminal[0m,
  [90m    |[0m [31m[1m^^^^^^^^^^^[0m
[31m[1m>[0m [90m161 |[0m   [33mGitBranch[0m,
  [90m    |[0m [31m[1m^^^^^^^^^^^^[0m
[31m[1m>[0m [90m162 |[0m   [33mStar[0m,
  [90m    |[0m [31m[1m^^^^^^^[0m
[31m[1m>[0m [90m163 |[0m   [33mBriefcase[0m,
  [90m    |[0m [31m[1m^^^^^^^^^^^^[0m
[31m[1m>[0m [90m164 |[0m   [33mBuilding2[0m,
  [90m    |[0m [31m[1m^^^^^^^^^^^^[0m
[31m[1m>[0m [90m165 |[0m   [33mShield[0m,
  [90m    |[0m [31m[1m^^^^^^^^^[0m
[31m[1m>[0m [90m166 |[0m   [33mGift[0m,
  [90m    |[0m [31m[1m^^^^^^^[0m
[31m[1m>[0m [90m167 |[0m   [33mFocus[0m,
  [90m    |[0m [31m[1m^^^^^^^^[0m
[31m[1m>[0m [90m168 |[0m   [33mPaintbrush2[0m,
  [90m    |[0m [31m[1m^^^^^^^^^^^^^^[0m
[31m[1m>[0m [90m169 |[0m   [33mAperture[0m,
  [90m    |[0m [31m[1m^^^^^^^^^^^[0m
[31m[1m>[0m [90m170 |[0m   [33mWand2[0m,
  [90m    |[0m [31m[1m^^^^^^^^[0m
[31m[1m>[0m [90m171 |[0m   [33mCalendarClock[0m,
  [90m    |[0m [31m[1m^^^^^^^^^^^^^^^^[0m
[31m[1m>[0m [90m172 |[0m   [33mPawPrint[0m,
  [90m    |[0m [31m[1m^^^^^^^^^^^[0m
[31m[1m>[0m [90m173 |[0m   [33mSmartphone[0m,
  [90m    |[0m [31m[1m^^^^^^^^^^^^^[0m
[31m[1m>[0m [90m174 |[0m   [33mIdCard[0m,
  [90m    |[0m [31m[1m^^^^^^^^^[0m
[31m[1m>[0m [90m175 |[0m   [33mCreditCard[0m,
  [90m    |[0m [31m[1m^^^^^^^^^^^^^[0m
[31m[1m>[0m [90m176 |[0m   [33mCar[0m,
  [90m    |[0m [31m[1m^^^^^^[0m
[31m[1m>[0m [90m177 |[0m   [33mServer[0m,
  [90m    |[0m [31m[1m^^^^^^^^^[0m
[31m[1m>[0m [90m178 |[0m   [33mCode[0m,
  [90m    |[0m [31m[1m^^^^^^^[0m
[31m[1m>[0m [90m179 |[0m   [33mFile[0m,
  [90m    |[0m [31m[1m^^^^^^^[0m
[31m[1m>[0m [90m180 |[0m   [33mCalendar[0m,
  [90m    |[0m [31m[1m^^^^^^^^^^^[0m
[31m[1m>[0m [90m181 |[0m   [33mShirt[0m,
  [90m    |[0m [31m[1m^^^^^^^^[0m
[31m[1m>[0m [90m182 |[0m   [33mFlag[0m,
  [90m    |[0m [31m[1m^^^^^^^[0m
[31m[1m>[0m [90m183 |[0m   [33mCrown[0m,
  [90m    |[0m [31m[1m^^^^^^^^[0m
[31m[1m>[0m [90m184 |[0m   [33mAtom[0m,
  [90m    |[0m [31m[1m^^^^^^^[0m
[31m[1m>[0m [90m185 |[0m   [33mBookMarked[0m,
  [90m    |[0m [31m[1m^^^^^^^^^^^^^[0m
[31m[1m>[0m [90m186 |[0m   [33mMessageCircle[0m,
  [90m    |[0m [31m[1m^^^^^^^^^^^^^^^^[0m
[31m[1m>[0m [90m187 |[0m   [33mTable[0m,
  [90m    |[0m [31m[1m^^^^^^^^[0m
[31m[1m>[0m [90m188 |[0m   [33mFunctionSquare[0m,
  [90m    |[0m [31m[1m^^^^^^^^^^^^^^^^^[0m
[31m[1m>[0m [90m189 |[0m   [33mShapes[0m,
  [90m    |[0m [31m[1m^^^^^^^^^[0m
[31m[1m>[0m [90m190 |[0m   [33mPen[0m,
  [90m    |[0m [31m[1m^^^^^^[0m
[31m[1m>[0m [90m191 |[0m   [33mDiagram[0m,
  [90m    |[0m [31m[1m^^^^^^^^^^[0m
[31m[1m>[0m [90m192 |[0m   [33mNetwork[0m,
  [90m    |[0m [31m[1m^^^^^^^^^^[0m
[31m[1m>[0m [90m193 |[0m   [33mClipboardList[0m,
  [90m    |[0m [31m[1m^^^^^^^^^^^^^^^^[0m
[31m[1m>[0m [90m194 |[0m   [33mLayoutGrid[0m,
  [90m    |[0m [31m[1m^^^^^^^^^^^^^[0m
[31m[1m>[0m [90m195 |[0m   [33mInfo[0m,
  [90m    |[0m [31m[1m^^^^^^^[0m
[31m[1m>[0m [90m196 |[0m   [33mCamera[0m,
  [90m    |[0m [31m[1m^^^^^^^^^[0m
[31m[1m>[0m [90m197 |[0m   [33mPipette[0m,
  [90m    |[0m [31m[1m^^^^^^^^^^[0m
[31m[1m>[0m [90m198 |[0m   [33mCircleDot[0m,
  [90m    |[0m [31m[1m^^^^^^^^^^^^[0m
[31m[1m>[0m [90m199 |[0m   [33mPresentation[0m,
  [90m    |[0m [31m[1m^^^^^^^^^^^^^^^[0m
[31m[1m>[0m [90m200 |[0m   [33mBook[0m,
  [90m    |[0m [31m[1m^^^^^^^[0m
[31m[1m>[0m [90m201 |[0m   [33mAlignVerticalSpaceAround[0m,
  [90m    |[0m [31m[1m^^^^^^^^^^^^^^^^^^^^^^^^^^^[0m
[31m[1m>[0m [90m202 |[0m   [33mFileSplit[0m,
  [90m    |[0m [31m[1m^^^^^^^^^^^^[0m
[31m[1m>[0m [90m203 |[0m   [33mFileArchive[0m,
  [90m    |[0m [31m[1m^^^^^^^^^^^^^^[0m
[31m[1m>[0m [90m204 |[0m   [33mWrench[0m,
  [90m    |[0m [31m[1m^^^^^^^^^[0m
[31m[1m>[0m [90m205 |[0m   [33mList[0m,
  [90m    |[0m [31m[1m^^^^^^^[0m
[31m[1m>[0m [90m206 |[0m   [33mImages[0m,
  [90m    |[0m [31m[1m^^^^^^^^^[0m
[31m[1m>[0m [90m207 |[0m   [33mWifi[0m,
  [90m    |[0m [31m[1m^^^^^^^[0m
[31m[1m>[0m [90m208 |[0m   [33mKey[0m,
  [90m    |[0m [31m[1m^^^^^^[0m
[31m[1m>[0m [90m209 |[0m   [33mGraphQl[0m,
  [90m    |[0m [31m[1m^^^^^^^^^^[0m
[31m[1m>[0m [90m210 |[0m   [33mCoffee[0m,
  [90m    |[0m [31m[1m^^^^^^^^^[0m
[31m[1m>[0m [90m211 |[0m   [33mPython[0m,
  [90m    |[0m [31m[1m^^^^^^^^^[0m
[31m[1m>[0m [90m212 |[0m   [33mFilter[0m,
  [90m    |[0m [31m[1m^^^^^^^^^[0m
[31m[1m>[0m [90m213 |[0m   [33mLineChart[0m,
  [90m    |[0m [31m[1m^^^^^^^^^^^^[0m
[31m[1m>[0m [90m214 |[0m   [33mClock4[0m,
  [90m    |[0m [31m[1m^^^^^^^^^[0m
[31m[1m>[0m [90m215 |[0m   [33mFiles[0m,
  [90m    |[0m [31m[1m^^^^^^^^[0m
[31m[1m>[0m [90m216 |[0m   [33mTags[0m,
  [90m    |[0m [31m[1m^^^^^^^[0m
[31m[1m>[0m [90m217 |[0m   [33mUnlink[0m,
  [90m    |[0m [31m[1m^^^^^^^^^[0m
[31m[1m>[0m [90m218 |[0m   [33mBackslash[0m,
  [90m    |[0m [31m[1m^^^^^^^^^^^^[0m
[31m[1m>[0m [90m219 |[0m   [33mHeading[0m,
  [90m    |[0m [31m[1m^^^^^^^^^^[0m
[31m[1m>[0m [90m220 |[0m   [33mSunMoon[0m,
  [90m    |[0m [31m[1m^^^^^^^^^^[0m
[31m[1m>[0m [90m221 |[0m   [33mWaves[0m,
  [90m    |[0m [31m[1m^^^^^^^^[0m
[31m[1m>[0m [90m222 |[0m   [33mEdit[0m,
  [90m    |[0m [31m[1m^^^^^^^[0m
[31m[1m>[0m [90m223 |[0m   [33mMousePointer[0m,
  [90m    |[0m [31m[1m^^^^^^^^^^^^^^^[0m
[31m[1m>[0m [90m224 |[0m   [33mUserPlus[0m,
  [90m    |[0m [31m[1m^^^^^^^^^^^[0m
[31m[1m>[0m [90m225 |[0m   [33mDices[0m,
  [90m    |[0m [31m[1m^^^^^^^^[0m
[31m[1m>[0m [90m226 |[0m   [33mUtensils[0m,
  [90m    |[0m [31m[1m^^^^^^^^^^^[0m
[31m[1m>[0m [90m227 |[0m   [33mWheel[0m,
  [90m    |[0m [31m[1m^^^^^^^^[0m
[31m[1m>[0m [90m228 |[0m   [33mCheckCircle2[0m,
  [90m    |[0m [31m[1m^^^^^^^^^^^^^^^[0m
[31m[1m>[0m [90m229 |[0m   [33mMusic2[0m,
  [90m    |[0m [31m[1m^^^^^^^^^[0m
[31m[1m>[0m [90m230 |[0m   [33mSubtitles[0m,
  [90m    |[0m [31m[1m^^^^^^^^^^^^[0m
[31m[1m>[0m [90m231 |[0m   [33mDrum[0m,
  [90m    |[0m [31m[1m^^^^^^^[0m
[31m[1m>[0m [90m232 |[0m   [33mGuitar[0m,
  [90m    |[0m [31m[1m^^^^^^^^^[0m
[31m[1m>[0m [90m233 |[0m   [33mPhone[0m,
  [90m    |[0m [31m[1m^^^^^^^^[0m
[31m[1m>[0m [90m234 |[0m   [33mKeyboard[0m,
  [90m    |[0m [31m[1m^^^^^^^^^^^[0m
[31m[1m>[0m [90m235 |[0m   [33mUtensilsCrossed[0m,
  [90m    |[0m [31m[1m^^^^^^^^^^^^^^^^^^[0m
[31m[1m>[0m [90m236 |[0m   [33mScroll[0m,
  [90m    |[0m [31m[1m^^^^^^^^^[0m
[31m[1m>[0m [90m237 |[0m   [33mCloudSun[0m,
  [90m    |[0m [31m[1m^^^^^^^^^^^[0m
[31m[1m>[0m [90m238 |[0m   [33mPackage[0m,
  [90m    |[0m [31m[1m^^^^^^^^^^[0m
[31m[1m>[0m [90m239 |[0m   [33mPlane[0m,
  [90m    |[0m [31m[1m^^^^^^^^[0m
[31m[1m>[0m [90m240 |[0m   [33mTrain[0m,
  [90m    |[0m [31m[1m^^^^^^^^[0m
[31m[1m>[0m [90m241 |[0m   [33mGrid3x3[0m,
  [90m    |[0m [31m[1m^^^^^^^^^^[0m
[31m[1m>[0m [90m242 |[0m   [33mSigma[0m,
  [90m    |[0m [31m[1m^^^^^^^^[0m
[31m[1m>[0m [90m243 |[0m   [33mLightbulb[0m,
  [90m    |[0m [31m[1m^^^^^^^^^^^^[0m
[31m[1m>[0m [90m244 |[0m   [33mFlaskConical[0m,
  [90m    |[0m [31m[1m^^^^^^^^^^^^^^^[0m
[31m[1m>[0m [90m245 |[0m   [33mPenTool[0m,
  [90m    |[0m [31m[1m^^^^^^^^^^[0m
[31m[1m>[0m [90m246 |[0m   [33mScrollText[0m,
  [90m    |[0m [31m[1m^^^^^^^^^^^^^[0m
[31m[1m>[0m [90m247 |[0m   [33mMap[0m,
  [90m    |[0m [31m[1m^^^^^^[0m
[31m[1m>[0m [90m248 |[0m   [33mLandmark[0m,
  [90m    |[0m [31m[1m^^^^^^^^^^^[0m
[31m[1m>[0m [90m249 |[0m   [33mHeadphones[0m,
  [90m    |[0m [31m[1m^^^^^^^^^^^^^[0m
[31m[1m>[0m [90m250 |[0m   [33mBrain[0m,
  [90m    |[0m [31m[1m^^^^^^^^[0m
[31m[1m>[0m [90m251 |[0m   [33mFileCheck[0m,
  [90m    |[0m [31m[1m^^^^^^^^^^^^[0m
[31m[1m>[0m [90m252 |[0m   [33mFileQuestion[0m,
  [90m    |[0m [31m[1m^^^^^^^^^^^^^^^[0m
[31m[1m>[0m [90m253 |[0m   [33mFlaskRound[0m,
  [90m    |[0m [31m[1m^^^^^^^^^^^^^[0m
[31m[1m>[0m [90m254 |[0m   [33mPuzzle[0m,
  [90m    |[0m [31m[1m^^^^^^^^^[0m
[31m[1m>[0m [90m255 |[0m   [33mPieChart[0m,
  [90m    |[0m [31m[1m^^^^^^^^^^^[0m
[31m[1m>[0m [90m256 |[0m   [33mArrowDownRight[0m,
  [90m    |[0m [31m[1m^^^^^^^^^^^^^^^^^[0m
[31m[1m>[0m [90m257 |[0m   [33mRefreshCw[0m,
  [90m    |[0m [31m[1m^^^^^^^^^^^^[0m
[31m[1m>[0m [90m258 |[0m   [33mShieldCheck[0m,
  [90m    |[0m [31m[1m^^^^^^^^^^^^^^[0m
[31m[1m>[0m [90m259 |[0m   [33mGraduationCap[0m,
  [90m    |[0m [31m[1m^^^^^^^^^^^^^^^^[0m
[31m[1m>[0m [90m260 |[0m   [33mRocket[0m,
  [90m    |[0m [31m[1m^^^^^^^^^[0m
[31m[1m>[0m [90m261 |[0m   [33mDumbbell[0m,
  [90m    |[0m [31m[1m^^^^^^^^^^^[0m
[31m[1m>[0m [90m262 |[0m   [33mMoon[0m,
  [90m    |[0m [31m[1m^^^^^^^[0m
[31m[1m>[0m [90m263 |[0m   [33mCalendarHeart[0m,
  [90m    |[0m [31m[1m^^^^^^^^^^^^^^^^[0m
[31m[1m>[0m [90m264 |[0m   [33mPersonStanding[0m,
  [90m    |[0m [31m[1m^^^^^^^^^^^^^^^^^[0m
[31m[1m>[0m [90m265 |[0m   [33mHeartPulse[0m,
  [90m    |[0m [31m[1m^^^^^^^^^^^^^[0m
[31m[1m>[0m [90m266 |[0m   [33mFlower2[0m,
  [90m    |[0m [31m[1m^^^^^^^^^^[0m
[31m[1m>[0m [90m267 |[0m   [33mSystole[0m,
  [90m    |[0m [31m[1m^^^^^^^^^^[0m
[31m[1m>[0m [90m268 |[0m   [33mTestTube[0m,
  [90m    |[0m [31m[1m^^^^^^^^^^^[0m
[31m[1m>[0m [90m269 |[0m   [33mPill[0m,
  [90m    |[0m [31m[1m^^^^^^^[0m
[31m[1m>[0m [90m270 |[0m   [33mFootprints[0m,
  [90m    |[0m [31m[1m^^^^^^^^^^^^^[0m
[31m[1m>[0m [90m271 |[0m   [33mGlasses[0m,
  [90m    |[0m [31m[1m^^^^^^^^^^[0m
[31m[1m>[0m [90m272 |[0m   [33mFlower[0m,
  [90m    |[0m [31m[1m^^^^^^^^^[0m
[31m[1m>[0m [90m273 |[0m   [33mFirstAid[0m,
  [90m    |[0m [31m[1m^^^^^^^^^^^[0m
[31m[1m>[0m [90m274 |[0m   [33mPlug[0m,
  [90m    |[0m [31m[1m^^^^^^^[0m
[31m[1m>[0m [90m275 |[0m   [33mLink2[0m,
  [90m    |[0m [31m[1m^^^^^^^^[0m
[31m[1m>[0m [90m276 |[0m   [33mPaintBucket[0m,
  [90m    |[0m [31m[1m^^^^^^^^^^^^^^[0m
[31m[1m>[0m [90m277 |[0m   [33mAppWindow[0m,
  [90m    |[0m [31m[1m^^^^^^^^^^^^[0m
[31m[1m>[0m [90m278 |[0m   [33mColumns2[0m,
  [90m    |[0m [31m[1m^^^^^^^^^^^[0m
[31m[1m>[0m [90m279 |[0m   [33mCake[0m,
  [90m    |[0m [31m[1m^^^^^^^[0m
[31m[1m>[0m [90m280 |[0m   [33mTriangle[0m,
  [90m    |[0m [31m[1m^^^^^^^^^^^[0m
[31m[1m>[0m [90m281 |[0m   [33mGlassWater[0m,
  [90m    |[0m [31m[1m^^^^^^^^^^^^^[0m
[31m[1m>[0m [90m282 |[0m   [33mCalendarCheck[0m,
  [90m    |[0m [31m[1m^^^^^^^^^^^^^^^^[0m
[31m[1m>[0m [90m283 |[0m   [33mShoppingCart[0m,
  [90m    |[0m [31m[1m^^^^^^^^^^^^^^^[0m
[31m[1m>[0m [90m284 |[0m   [33mChefHat[0m,
  [90m    |[0m [31m[1m^^^^^^^^^^[0m
[31m[1m>[0m [90m285 |[0m   [33mAward[0m,
  [90m    |[0m [31m[1m^^^^^^^^[0m
[31m[1m>[0m [90m286 |[0m   [33mBackpack[0m,
  [90m    |[0m [31m[1m^^^^^^^^^^^[0m
[31m[1m>[0m [90m287 |[0m   [33mMegaphone[0m,
  [90m    |[0m [31m[1m^^^^^^^^^^^^[0m
[31m[1m>[0m [90m288 |[0m   [33mMailPlus[0m,
  [90m    |[0m [31m[1m^^^^^^^^^^^[0m
[31m[1m>[0m [90m289 |[0m   [33mFeather[0m,
  [90m    |[0m [31m[1m^^^^^^^^^^[0m
[31m[1m>[0m [90m290 |[0m   [33mSlidersHorizontal[0m,
  [90m    |[0m [31m[1m^^^^^^^^^^^^^^^^^^^^[0m
[31m[1m>[0m [90m291 |[0m   [33mSettings[0m,
  [90m    |[0m [31m[1m^^^^^^^^^^^[0m
[31m[1m>[0m [90m292 |[0m   [33mComponent[0m,
  [90m    |[0m [31m[1m^^^^^^^^^^^^[0m
[31m[1m>[0m [90m293 |[0m   [33mArchive[0m,
  [90m    |[0m [31m[1m^^^^^^^^^^[0m
[31m[1m>[0m [90m294 |[0m } [36mfrom[0m [32m"lucide-react"[0m;
  [90m    |[0m [31m[1m^^^^^^^^^^^^^^^^^^^[0m
  [90m295 |[0m
  [90m296 |[0m [36mexport[0m [36minterface[0m [33mTool[0m {
  [90m297 |[0m   id: string;

The export FirstAid was not found in module [project]/node_modules/lucide-react/dist/esm/lucide-react.mjs [app-rsc] (ec
mascript).
Did you mean to import FileAxis3d?
All exports of the module are statically known (It doesn't have dynamic exports). So it's known statically that the req
uested export doesn't exist.

Import traces:
  Server Component:
    ./src/lib/tools.ts
    ./src/app/tag/[slug]/page.tsx

  App Route:
    ./src/lib/tools.ts
    ./src/app/sitemap.ts
    ./src/app/sitemap--route-entry.js

  Client Component Browser:
    ./src/lib/tools.ts [Client Component Browser]
    ./src/components/ToolLayout.tsx [Client Component Browser]
    ./src/app/tools/json-to-java-class/page.tsx [Client Component Browser]
    ./src/app/tools/json-to-java-class/page.tsx [Server Component]

  Client Component SSR:
    ./src/lib/tools.ts [Client Component SSR]
    ./src/components/ToolLayout.tsx [Client Component SSR]
    ./src/app/tools/json-to-java-class/page.tsx [Client Component SSR]
    ./src/app/tools/json-to-java-class/page.tsx [Server Component]


./src/lib/tools.ts:1:1
Export FirstAid doesn't exist in target module
[31m[1m>[0m [90m  1 |[0m ﻿[36mimport[0m {
  [90m    |[0m [31m[1m^^^^^^^[0m
[31m[1m>[0m [90m  2 |[0m   [33mBraces[0m,
  [90m    |[0m [31m[1m^^^^^^^^^[0m
[31m[1m>[0m [90m  3 |[0m   [33mBinary[0m,
  [90m    |[0m [31m[1m^^^^^^^^^[0m
[31m[1m>[0m [90m  4 |[0m   [33mLink[0m,
  [90m    |[0m [31m[1m^^^^^^^[0m
[31m[1m>[0m [90m  5 |[0m   [33mRegex[0m,
  [90m    |[0m [31m[1m^^^^^^^^[0m
[31m[1m>[0m [90m  6 |[0m   [33mFingerprint[0m,
  [90m    |[0m [31m[1m^^^^^^^^^^^^^^[0m
[31m[1m>[0m [90m  7 |[0m   [33mClock[0m,
  [90m    |[0m [31m[1m^^^^^^^^[0m
[31m[1m>[0m [90m  8 |[0m   [33mPalette[0m,
  [90m    |[0m [31m[1m^^^^^^^^^^[0m
[31m[1m>[0m [90m  9 |[0m   [33mFileText[0m,
  [90m    |[0m [31m[1m^^^^^^^^^^^[0m
[31m[1m>[0m [90m 10 |[0m   [33mQrCode[0m,
  [90m    |[0m [31m[1m^^^^^^^^^[0m
[31m[1m>[0m [90m 11 |[0m   [33mKeyRound[0m,
  [90m    |[0m [31m[1m^^^^^^^^^^^[0m
[31m[1m>[0m [90m 12 |[0m   [33mHash[0m,
  [90m    |[0m [31m[1m^^^^^^^[0m
[31m[1m>[0m [90m 13 |[0m   [33mCalculator[0m,
  [90m    |[0m [31m[1m^^^^^^^^^^^^^[0m
[31m[1m>[0m [90m 14 |[0m   [33mHome[0m,
  [90m    |[0m [31m[1m^^^^^^^[0m
[31m[1m>[0m [90m 15 |[0m   [33mWallet[0m,
  [90m    |[0m [31m[1m^^^^^^^^^[0m
[31m[1m>[0m [90m 16 |[0m   [33mScale[0m,
  [90m    |[0m [31m[1m^^^^^^^^[0m
[31m[1m>[0m [90m 17 |[0m   [33mBaby[0m,
  [90m    |[0m [31m[1m^^^^^^^[0m
[31m[1m>[0m [90m 18 |[0m   [33mRuler[0m,
  [90m    |[0m [31m[1m^^^^^^^^[0m
[31m[1m>[0m [90m 19 |[0m   [33mType[0m,
  [90m    |[0m [31m[1m^^^^^^^[0m
[31m[1m>[0m [90m 20 |[0m   [33mArrowUpDown[0m,
  [90m    |[0m [31m[1m^^^^^^^^^^^^^^[0m
[31m[1m>[0m [90m 21 |[0m   [33mTrash2[0m,
  [90m    |[0m [31m[1m^^^^^^^^^[0m
[31m[1m>[0m [90m 22 |[0m   [33mShuffle[0m,
  [90m    |[0m [31m[1m^^^^^^^^^^[0m
[31m[1m>[0m [90m 23 |[0m   [33mTicket[0m,
  [90m    |[0m [31m[1m^^^^^^^^^[0m
[31m[1m>[0m [90m 24 |[0m   [33mImage[0m,
  [90m    |[0m [31m[1m^^^^^^^^[0m
[31m[1m>[0m [90m 25 |[0m   [33mImageDown[0m,
  [90m    |[0m [31m[1m^^^^^^^^^^^^[0m
[31m[1m>[0m [90m 26 |[0m   [33mImagePlus[0m,
  [90m    |[0m [31m[1m^^^^^^^^^^^^[0m
[31m[1m>[0m [90m 27 |[0m   [33mFileImage[0m,
  [90m    |[0m [31m[1m^^^^^^^^^^^^[0m
[31m[1m>[0m [90m 28 |[0m   [33mUser[0m,
  [90m    |[0m [31m[1m^^^^^^^[0m
[31m[1m>[0m [90m 29 |[0m   [33mDroplets[0m,
  [90m    |[0m [31m[1m^^^^^^^^^^^[0m
[31m[1m>[0m [90m 30 |[0m   [33mRepeat[0m,
  [90m    |[0m [31m[1m^^^^^^^^^[0m
[31m[1m>[0m [90m 31 |[0m   [33mTimer[0m,
  [90m    |[0m [31m[1m^^^^^^^^[0m
[31m[1m>[0m [90m 32 |[0m   [33mCalendarDays[0m,
  [90m    |[0m [31m[1m^^^^^^^^^^^^^^^[0m
[31m[1m>[0m [90m 33 |[0m   [33mWallet[0m [36mas[0m [33mWalletIcon[0m,
  [90m    |[0m [31m[1m^^^^^^^^^^^^^^^^^^^^^^^[0m
[31m[1m>[0m [90m 34 |[0m   [33mFileDiff[0m,
  [90m    |[0m [31m[1m^^^^^^^^^^^[0m
[31m[1m>[0m [90m 35 |[0m   [33mTable2[0m,
  [90m    |[0m [31m[1m^^^^^^^^^[0m
[31m[1m>[0m [90m 36 |[0m   [33mLanguages[0m,
  [90m    |[0m [31m[1m^^^^^^^^^^^^[0m
[31m[1m>[0m [90m 37 |[0m   [33mGrid3X3[0m,
  [90m    |[0m [31m[1m^^^^^^^^^^[0m
[31m[1m>[0m [90m 38 |[0m   [33mCode2[0m,
  [90m    |[0m [31m[1m^^^^^^^^[0m
[31m[1m>[0m [90m 39 |[0m   [33mFileCode[0m,
  [90m    |[0m [31m[1m^^^^^^^^^^^[0m
[31m[1m>[0m [90m 40 |[0m   [33mScanLine[0m,
  [90m    |[0m [31m[1m^^^^^^^^^^^[0m
[31m[1m>[0m [90m 41 |[0m   [33mAlignLeft[0m,
  [90m    |[0m [31m[1m^^^^^^^^^^^^[0m
[31m[1m>[0m [90m 42 |[0m   [33mContact[0m,
  [90m    |[0m [31m[1m^^^^^^^^^^[0m
[31m[1m>[0m [90m 43 |[0m   [33mCrop[0m,
  [90m    |[0m [31m[1m^^^^^^^[0m
[31m[1m>[0m [90m 44 |[0m   [33mRotateCw[0m,
  [90m    |[0m [31m[1m^^^^^^^^^^^[0m
[31m[1m>[0m [90m 45 |[0m   [33mMaximize2[0m,
  [90m    |[0m [31m[1m^^^^^^^^^^^^[0m
[31m[1m>[0m [90m 46 |[0m   [33mSparkles[0m,
  [90m    |[0m [31m[1m^^^^^^^^^^^[0m
[31m[1m>[0m [90m 47 |[0m   [33mLayers[0m,
  [90m    |[0m [31m[1m^^^^^^^^^[0m
[31m[1m>[0m [90m 48 |[0m   [33mGrid2x2[0m,
  [90m    |[0m [31m[1m^^^^^^^^^^[0m
[31m[1m>[0m [90m 49 |[0m   [33mMonitor[0m,
  [90m    |[0m [31m[1m^^^^^^^^^^[0m
[31m[1m>[0m [90m 50 |[0m   [33mSmile[0m,
  [90m    |[0m [31m[1m^^^^^^^^[0m
[31m[1m>[0m [90m 51 |[0m   [33mFileDown[0m,
  [90m    |[0m [31m[1m^^^^^^^^^^^[0m
[31m[1m>[0m [90m 52 |[0m   [33mCombine[0m,
  [90m    |[0m [31m[1m^^^^^^^^^^[0m
[31m[1m>[0m [90m 53 |[0m   [33mVolume2[0m,
  [90m    |[0m [31m[1m^^^^^^^^^^[0m
[31m[1m>[0m [90m 54 |[0m   [33mEraser[0m,
  [90m    |[0m [31m[1m^^^^^^^^^[0m
[31m[1m>[0m [90m 55 |[0m   [33mFilm[0m,
  [90m    |[0m [31m[1m^^^^^^^[0m
[31m[1m>[0m [90m 56 |[0m   [33mCircle[0m,
  [90m    |[0m [31m[1m^^^^^^^^^[0m
[31m[1m>[0m [90m 57 |[0m   [33mCheckCircle[0m,
  [90m    |[0m [31m[1m^^^^^^^^^^^^^^[0m
[31m[1m>[0m [90m 58 |[0m   [33mArrowLeftRight[0m,
  [90m    |[0m [31m[1m^^^^^^^^^^^^^^^^^[0m
[31m[1m>[0m [90m 59 |[0m   [33mReplace[0m,
  [90m    |[0m [31m[1m^^^^^^^^^^[0m
[31m[1m>[0m [90m 60 |[0m   [33mDatabase[0m,
  [90m    |[0m [31m[1m^^^^^^^^^^^[0m
[31m[1m>[0m [90m 61 |[0m   [33mMinimize2[0m,
  [90m    |[0m [31m[1m^^^^^^^^^^^^[0m
[31m[1m>[0m [90m 62 |[0m   [33mFileJson[0m,
  [90m    |[0m [31m[1m^^^^^^^^^^^[0m
[31m[1m>[0m [90m 63 |[0m   [33mArrowRightLeft[0m,
  [90m    |[0m [31m[1m^^^^^^^^^^^^^^^^^[0m
[31m[1m>[0m [90m 64 |[0m   [33mDownload[0m,
  [90m    |[0m [31m[1m^^^^^^^^^^^[0m
[31m[1m>[0m [90m 65 |[0m   [33mTrash[0m,
  [90m    |[0m [31m[1m^^^^^^^^[0m
[31m[1m>[0m [90m 66 |[0m   [33mFlipHorizontal[0m,
  [90m    |[0m [31m[1m^^^^^^^^^^^^^^^^^[0m
[31m[1m>[0m [90m 67 |[0m   [33mFlipVertical[0m,
  [90m    |[0m [31m[1m^^^^^^^^^^^^^^^[0m
[31m[1m>[0m [90m 68 |[0m   [33mSun[0m,
  [90m    |[0m [31m[1m^^^^^^[0m
[31m[1m>[0m [90m 69 |[0m   [33mSquare[0m,
  [90m    |[0m [31m[1m^^^^^^^^^[0m
[31m[1m>[0m [90m 70 |[0m   [33mContrast[0m,
  [90m    |[0m [31m[1m^^^^^^^^^^^[0m
[31m[1m>[0m [90m 71 |[0m   [33mMinus[0m,
  [90m    |[0m [31m[1m^^^^^^^^[0m
[31m[1m>[0m [90m 72 |[0m   [33mLock[0m,
  [90m    |[0m [31m[1m^^^^^^^[0m
[31m[1m>[0m [90m 73 |[0m   [33mUnlock[0m,
  [90m    |[0m [31m[1m^^^^^^^^^[0m
[31m[1m>[0m [90m 74 |[0m   [33mMail[0m,
  [90m    |[0m [31m[1m^^^^^^^[0m
[31m[1m>[0m [90m 75 |[0m   [33mRadio[0m,
  [90m    |[0m [31m[1m^^^^^^^^[0m
[31m[1m>[0m [90m 76 |[0m   [33mPaintbrush[0m,
  [90m    |[0m [31m[1m^^^^^^^^^^^^^[0m
[31m[1m>[0m [90m 77 |[0m   [33mWind[0m,
  [90m    |[0m [31m[1m^^^^^^^[0m
[31m[1m>[0m [90m 78 |[0m   [33mBox[0m,
  [90m    |[0m [31m[1m^^^^^^[0m
[31m[1m>[0m [90m 79 |[0m   [33mQuote[0m,
  [90m    |[0m [31m[1m^^^^^^^^[0m
[31m[1m>[0m [90m 80 |[0m   [33mAtSign[0m,
  [90m    |[0m [31m[1m^^^^^^^^^[0m
[31m[1m>[0m [90m 81 |[0m   [33mZap[0m,
  [90m    |[0m [31m[1m^^^^^^[0m
[31m[1m>[0m [90m 82 |[0m   [33mUsers[0m,
  [90m    |[0m [31m[1m^^^^^^^^[0m
[31m[1m>[0m [90m 83 |[0m   [33mBarcode[0m,
  [90m    |[0m [31m[1m^^^^^^^^^^[0m
[31m[1m>[0m [90m 84 |[0m   [33mMessageSquare[0m,
  [90m    |[0m [31m[1m^^^^^^^^^^^^^^^^[0m
[31m[1m>[0m [90m 85 |[0m   [33mPercent[0m,
  [90m    |[0m [31m[1m^^^^^^^^^^[0m
[31m[1m>[0m [90m 86 |[0m   [33mDollarSign[0m,
  [90m    |[0m [31m[1m^^^^^^^^^^^^^[0m
[31m[1m>[0m [90m 87 |[0m   [33mTrendingUp[0m,
  [90m    |[0m [31m[1m^^^^^^^^^^^^^[0m
[31m[1m>[0m [90m 88 |[0m   [33mFlame[0m,
  [90m    |[0m [31m[1m^^^^^^^^[0m
[31m[1m>[0m [90m 89 |[0m   [33mTarget[0m,
  [90m    |[0m [31m[1m^^^^^^^^^[0m
[31m[1m>[0m [90m 90 |[0m   [33mDivide[0m,
  [90m    |[0m [31m[1m^^^^^^^^^[0m
[31m[1m>[0m [90m 91 |[0m   [33mGauge[0m,
  [90m    |[0m [31m[1m^^^^^^^^[0m
[31m[1m>[0m [90m 92 |[0m   [33mHardDrive[0m,
  [90m    |[0m [31m[1m^^^^^^^^^^^^[0m
[31m[1m>[0m [90m 93 |[0m   [33mActivity[0m,
  [90m    |[0m [31m[1m^^^^^^^^^^^[0m
[31m[1m>[0m [90m 94 |[0m   [33mBeaker[0m,
  [90m    |[0m [31m[1m^^^^^^^^^[0m
[31m[1m>[0m [90m 95 |[0m   [33mThermometer[0m,
  [90m    |[0m [31m[1m^^^^^^^^^^^^^^[0m
[31m[1m>[0m [90m 96 |[0m   [33mReceipt[0m,
  [90m    |[0m [31m[1m^^^^^^^^^^[0m
[31m[1m>[0m [90m 97 |[0m   [33mBanknote[0m,
  [90m    |[0m [31m[1m^^^^^^^^^^^[0m
[31m[1m>[0m [90m 98 |[0m   [33mPiggyBank[0m,
  [90m    |[0m [31m[1m^^^^^^^^^^^^[0m
[31m[1m>[0m [90m 99 |[0m   [33mCoins[0m,
  [90m    |[0m [31m[1m^^^^^^^^[0m
[31m[1m>[0m [90m100 |[0m   [33mHeart[0m,
  [90m    |[0m [31m[1m^^^^^^^^[0m
[31m[1m>[0m [90m101 |[0m   [33mBadgePercent[0m,
  [90m    |[0m [31m[1m^^^^^^^^^^^^^^^[0m
[31m[1m>[0m [90m102 |[0m   [33mFileSpreadsheet[0m,
  [90m    |[0m [31m[1m^^^^^^^^^^^^^^^^^^[0m
[31m[1m>[0m [90m103 |[0m
  [90m    |[0m [31m[1m^[0m
[31m[1m>[0m [90m104 |[0m   [33mFileType[0m,
  [90m    |[0m [31m[1m^^^^^^^^^^^[0m
[31m[1m>[0m [90m105 |[0m   [33mFileKey[0m,
  [90m    |[0m [31m[1m^^^^^^^^^^[0m
[31m[1m>[0m [90m106 |[0m   [33mFileSignature[0m,
  [90m    |[0m [31m[1m^^^^^^^^^^^^^^^^[0m
[31m[1m>[0m [90m107 |[0m   [33mFileStack[0m,
  [90m    |[0m [31m[1m^^^^^^^^^^^^[0m
[31m[1m>[0m [90m108 |[0m   [33mFileOutput[0m,
  [90m    |[0m [31m[1m^^^^^^^^^^^^^[0m
[31m[1m>[0m [90m109 |[0m   [33mFileInput[0m,
  [90m    |[0m [31m[1m^^^^^^^^^^^^[0m
[31m[1m>[0m [90m110 |[0m   [33mLayoutList[0m,
  [90m    |[0m [31m[1m^^^^^^^^^^^^^[0m
[31m[1m>[0m [90m111 |[0m
  [90m    |[0m [31m[1m^[0m
[31m[1m>[0m [90m112 |[0m   [33mPenLine[0m,
  [90m    |[0m [31m[1m^^^^^^^^^^[0m
[31m[1m>[0m [90m113 |[0m   [33mHighlighter[0m,
  [90m    |[0m [31m[1m^^^^^^^^^^^^^^[0m
[31m[1m>[0m [90m114 |[0m   [33mMusic[0m,
  [90m    |[0m [31m[1m^^^^^^^^[0m
[31m[1m>[0m [90m115 |[0m   [33mVideo[0m,
  [90m    |[0m [31m[1m^^^^^^^^[0m
[31m[1m>[0m [90m116 |[0m   [33mVolumeX[0m,
  [90m    |[0m [31m[1m^^^^^^^^^^[0m
[31m[1m>[0m [90m117 |[0m   [33mFastForward[0m,
  [90m    |[0m [31m[1m^^^^^^^^^^^^^^[0m
[31m[1m>[0m [90m118 |[0m   [33mRewind[0m,
  [90m    |[0m [31m[1m^^^^^^^^^[0m
[31m[1m>[0m [90m119 |[0m   [33mAudioWaveform[0m,
  [90m    |[0m [31m[1m^^^^^^^^^^^^^^^^[0m
[31m[1m>[0m [90m120 |[0m   [33mDisc[0m,
  [90m    |[0m [31m[1m^^^^^^^[0m
[31m[1m>[0m [90m121 |[0m   [33mMic[0m,
  [90m    |[0m [31m[1m^^^^^^[0m
[31m[1m>[0m [90m122 |[0m   [33mRadio[0m [36mas[0m [33mRadioIcon[0m,
  [90m    |[0m [31m[1m^^^^^^^^^^^^^^^^^^^^^[0m
[31m[1m>[0m [90m123 |[0m
  [90m    |[0m [31m[1m^[0m
[31m[1m>[0m [90m124 |[0m   [33mTimer[0m [36mas[0m [33mTimerIcon[0m,
  [90m    |[0m [31m[1m^^^^^^^^^^^^^^^^^^^^^[0m
[31m[1m>[0m [90m125 |[0m
  [90m    |[0m [31m[1m^[0m
[31m[1m>[0m [90m126 |[0m   [33mPause[0m,
  [90m    |[0m [31m[1m^^^^^^^^[0m
[31m[1m>[0m [90m127 |[0m   [33mRotateCcw[0m,
  [90m    |[0m [31m[1m^^^^^^^^^^^^[0m
[31m[1m>[0m [90m128 |[0m   [33mCoins[0m [36mas[0m [33mDiceIcon[0m,
  [90m    |[0m [31m[1m^^^^^^^^^^^^^^^^^^^^[0m
[31m[1m>[0m [90m129 |[0m   [33mTrophy[0m,
  [90m    |[0m [31m[1m^^^^^^^^^[0m
[31m[1m>[0m [90m130 |[0m   [33mTarget[0m [36mas[0m [33mTargetIcon[0m,
  [90m    |[0m [31m[1m^^^^^^^^^^^^^^^^^^^^^^^[0m
[31m[1m>[0m [90m131 |[0m   [33mGlobe[0m,
  [90m    |[0m [31m[1m^^^^^^^^[0m
[31m[1m>[0m [90m132 |[0m   [33mCheckSquare[0m,
  [90m    |[0m [31m[1m^^^^^^^^^^^^^^[0m
[31m[1m>[0m [90m133 |[0m   [33mListTodo[0m,
  [90m    |[0m [31m[1m^^^^^^^^^^^[0m
[31m[1m>[0m [90m134 |[0m   [33mReceipt[0m [36mas[0m [33mReceiptIcon[0m,
  [90m    |[0m [31m[1m^^^^^^^^^^^^^^^^^^^^^^^^^[0m
[31m[1m>[0m [90m135 |[0m   [33mFlame[0m [36mas[0m [33mFlameIcon[0m,
  [90m    |[0m [31m[1m^^^^^^^^^^^^^^^^^^^^^[0m
[31m[1m>[0m [90m136 |[0m   [33mDroplet[0m,
  [90m    |[0m [31m[1m^^^^^^^^^^[0m
[31m[1m>[0m [90m137 |[0m   [33mPipette[0m,
  [90m    |[0m [31m[1m^^^^^^^^^^[0m
[31m[1m>[0m [90m138 |[0m   [33mBlend[0m,
  [90m    |[0m [31m[1m^^^^^^^^[0m
[31m[1m>[0m [90m139 |[0m   [33mSun[0m [36mas[0m [33mSunIcon[0m,
  [90m    |[0m [31m[1m^^^^^^^^^^^^^^^^^[0m
[31m[1m>[0m [90m140 |[0m   [33mCircle[0m [36mas[0m [33mCircleIcon[0m,
  [90m    |[0m [31m[1m^^^^^^^^^^^^^^^^^^^^^^^[0m
[31m[1m>[0m [90m141 |[0m   [33mTag[0m,
  [90m    |[0m [31m[1m^^^^^^[0m
[31m[1m>[0m [90m142 |[0m   [33mEye[0m [36mas[0m [33mEyeIcon[0m,
  [90m    |[0m [31m[1m^^^^^^^^^^^^^^^^^[0m
[31m[1m>[0m [90m143 |[0m   [33mType[0m [36mas[0m [33mTypeIcon[0m,
  [90m    |[0m [31m[1m^^^^^^^^^^^^^^^^^^^[0m
[31m[1m>[0m [90m144 |[0m   [33mAlignCenter[0m,
  [90m    |[0m [31m[1m^^^^^^^^^^^^^^[0m
[31m[1m>[0m [90m145 |[0m   [33mArrowDown[0m,
  [90m    |[0m [31m[1m^^^^^^^^^^^^[0m
[31m[1m>[0m [90m146 |[0m   [33mBarChart2[0m,
  [90m    |[0m [31m[1m^^^^^^^^^^^^[0m
[31m[1m>[0m [90m147 |[0m   [33mBookOpen[0m,
  [90m    |[0m [31m[1m^^^^^^^^^^^[0m
[31m[1m>[0m [90m148 |[0m   [33mCheck[0m,
  [90m    |[0m [31m[1m^^^^^^^^[0m
[31m[1m>[0m [90m149 |[0m   [33mCopy[0m,
  [90m    |[0m [31m[1m^^^^^^^[0m
[31m[1m>[0m [90m150 |[0m   [33mScissors[0m,
  [90m    |[0m [31m[1m^^^^^^^^^^^[0m
[31m[1m>[0m [90m151 |[0m   [33mPlay[0m,
  [90m    |[0m [31m[1m^^^^^^^[0m
[31m[1m>[0m [90m152 |[0m   [33mFileSearch[0m,
  [90m    |[0m [31m[1m^^^^^^^^^^^^^[0m
[31m[1m>[0m [90m153 |[0m   [33mGitCompare[0m,
  [90m    |[0m [31m[1m^^^^^^^^^^^^^[0m
[31m[1m>[0m [90m154 |[0m   [33mListOrdered[0m,
  [90m    |[0m [31m[1m^^^^^^^^^^^^^^[0m
[31m[1m>[0m [90m155 |[0m   [33mMoveHorizontal[0m,
  [90m    |[0m [31m[1m^^^^^^^^^^^^^^^^^[0m
[31m[1m>[0m [90m156 |[0m
  [90m    |[0m [31m[1m^[0m
[31m[1m>[0m [90m157 |[0m
  [90m    |[0m [31m[1m^[0m
[31m[1m>[0m [90m158 |[0m   [33mSearch[0m,
  [90m    |[0m [31m[1m^^^^^^^^^[0m
[31m[1m>[0m [90m159 |[0m   [33mSliders[0m,
  [90m    |[0m [31m[1m^^^^^^^^^^[0m
[31m[1m>[0m [90m160 |[0m   [33mTerminal[0m,
  [90m    |[0m [31m[1m^^^^^^^^^^^[0m
[31m[1m>[0m [90m161 |[0m   [33mGitBranch[0m,
  [90m    |[0m [31m[1m^^^^^^^^^^^^[0m
[31m[1m>[0m [90m162 |[0m   [33mStar[0m,
  [90m    |[0m [31m[1m^^^^^^^[0m
[31m[1m>[0m [90m163 |[0m   [33mBriefcase[0m,
  [90m    |[0m [31m[1m^^^^^^^^^^^^[0m
[31m[1m>[0m [90m164 |[0m   [33mBuilding2[0m,
  [90m    |[0m [31m[1m^^^^^^^^^^^^[0m
[31m[1m>[0m [90m165 |[0m   [33mShield[0m,
  [90m    |[0m [31m[1m^^^^^^^^^[0m
[31m[1m>[0m [90m166 |[0m   [33mGift[0m,
  [90m    |[0m [31m[1m^^^^^^^[0m
[31m[1m>[0m [90m167 |[0m   [33mFocus[0m,
  [90m    |[0m [31m[1m^^^^^^^^[0m
[31m[1m>[0m [90m168 |[0m   [33mPaintbrush2[0m,
  [90m    |[0m [31m[1m^^^^^^^^^^^^^^[0m
[31m[1m>[0m [90m169 |[0m   [33mAperture[0m,
  [90m    |[0m [31m[1m^^^^^^^^^^^[0m
[31m[1m>[0m [90m170 |[0m   [33mWand2[0m,
  [90m    |[0m [31m[1m^^^^^^^^[0m
[31m[1m>[0m [90m171 |[0m   [33mCalendarClock[0m,
  [90m    |[0m [31m[1m^^^^^^^^^^^^^^^^[0m
[31m[1m>[0m [90m172 |[0m   [33mPawPrint[0m,
  [90m    |[0m [31m[1m^^^^^^^^^^^[0m
[31m[1m>[0m [90m173 |[0m   [33mSmartphone[0m,
  [90m    |[0m [31m[1m^^^^^^^^^^^^^[0m
[31m[1m>[0m [90m174 |[0m   [33mIdCard[0m,
  [90m    |[0m [31m[1m^^^^^^^^^[0m
[31m[1m>[0m [90m175 |[0m   [33mCreditCard[0m,
  [90m    |[0m [31m[1m^^^^^^^^^^^^^[0m
[31m[1m>[0m [90m176 |[0m   [33mCar[0m,
  [90m    |[0m [31m[1m^^^^^^[0m
[31m[1m>[0m [90m177 |[0m   [33mServer[0m,
  [90m    |[0m [31m[1m^^^^^^^^^[0m
[31m[1m>[0m [90m178 |[0m   [33mCode[0m,
  [90m    |[0m [31m[1m^^^^^^^[0m
[31m[1m>[0m [90m179 |[0m   [33mFile[0m,
  [90m    |[0m [31m[1m^^^^^^^[0m
[31m[1m>[0m [90m180 |[0m   [33mCalendar[0m,
  [90m    |[0m [31m[1m^^^^^^^^^^^[0m
[31m[1m>[0m [90m181 |[0m   [33mShirt[0m,
  [90m    |[0m [31m[1m^^^^^^^^[0m
[31m[1m>[0m [90m182 |[0m   [33mFlag[0m,
  [90m    |[0m [31m[1m^^^^^^^[0m
[31m[1m>[0m [90m183 |[0m   [33mCrown[0m,
  [90m    |[0m [31m[1m^^^^^^^^[0m
[31m[1m>[0m [90m184 |[0m   [33mAtom[0m,
  [90m    |[0m [31m[1m^^^^^^^[0m
[31m[1m>[0m [90m185 |[0m   [33mBookMarked[0m,
  [90m    |[0m [31m[1m^^^^^^^^^^^^^[0m
[31m[1m>[0m [90m186 |[0m   [33mMessageCircle[0m,
  [90m    |[0m [31m[1m^^^^^^^^^^^^^^^^[0m
[31m[1m>[0m [90m187 |[0m   [33mTable[0m,
  [90m    |[0m [31m[1m^^^^^^^^[0m
[31m[1m>[0m [90m188 |[0m   [33mFunctionSquare[0m,
  [90m    |[0m [31m[1m^^^^^^^^^^^^^^^^^[0m
[31m[1m>[0m [90m189 |[0m   [33mShapes[0m,
  [90m    |[0m [31m[1m^^^^^^^^^[0m
[31m[1m>[0m [90m190 |[0m   [33mPen[0m,
  [90m    |[0m [31m[1m^^^^^^[0m
[31m[1m>[0m [90m191 |[0m   [33mDiagram[0m,
  [90m    |[0m [31m[1m^^^^^^^^^^[0m
[31m[1m>[0m [90m192 |[0m   [33mNetwork[0m,
  [90m    |[0m [31m[1m^^^^^^^^^^[0m
[31m[1m>[0m [90m193 |[0m   [33mClipboardList[0m,
  [90m    |[0m [31m[1m^^^^^^^^^^^^^^^^[0m
[31m[1m>[0m [90m194 |[0m   [33mLayoutGrid[0m,
  [90m    |[0m [31m[1m^^^^^^^^^^^^^[0m
[31m[1m>[0m [90m195 |[0m   [33mInfo[0m,
  [90m    |[0m [31m[1m^^^^^^^[0m
[31m[1m>[0m [90m196 |[0m   [33mCamera[0m,
  [90m    |[0m [31m[1m^^^^^^^^^[0m
[31m[1m>[0m [90m197 |[0m   [33mPipette[0m,
  [90m    |[0m [31m[1m^^^^^^^^^^[0m
[31m[1m>[0m [90m198 |[0m   [33mCircleDot[0m,
  [90m    |[0m [31m[1m^^^^^^^^^^^^[0m
[31m[1m>[0m [90m199 |[0m   [33mPresentation[0m,
  [90m    |[0m [31m[1m^^^^^^^^^^^^^^^[0m
[31m[1m>[0m [90m200 |[0m   [33mBook[0m,
  [90m    |[0m [31m[1m^^^^^^^[0m
[31m[1m>[0m [90m201 |[0m   [33mAlignVerticalSpaceAround[0m,
  [90m    |[0m [31m[1m^^^^^^^^^^^^^^^^^^^^^^^^^^^[0m
[31m[1m>[0m [90m202 |[0m   [33mFileSplit[0m,
  [90m    |[0m [31m[1m^^^^^^^^^^^^[0m
[31m[1m>[0m [90m203 |[0m   [33mFileArchive[0m,
  [90m    |[0m [31m[1m^^^^^^^^^^^^^^[0m
[31m[1m>[0m [90m204 |[0m   [33mWrench[0m,
  [90m    |[0m [31m[1m^^^^^^^^^[0m
[31m[1m>[0m [90m205 |[0m   [33mList[0m,
  [90m    |[0m [31m[1m^^^^^^^[0m
[31m[1m>[0m [90m206 |[0m   [33mImages[0m,
  [90m    |[0m [31m[1m^^^^^^^^^[0m
[31m[1m>[0m [90m207 |[0m   [33mWifi[0m,
  [90m    |[0m [31m[1m^^^^^^^[0m
[31m[1m>[0m [90m208 |[0m   [33mKey[0m,
  [90m    |[0m [31m[1m^^^^^^[0m
[31m[1m>[0m [90m209 |[0m   [33mGraphQl[0m,
  [90m    |[0m [31m[1m^^^^^^^^^^[0m
[31m[1m>[0m [90m210 |[0m   [33mCoffee[0m,
  [90m    |[0m [31m[1m^^^^^^^^^[0m
[31m[1m>[0m [90m211 |[0m   [33mPython[0m,
  [90m    |[0m [31m[1m^^^^^^^^^[0m
[31m[1m>[0m [90m212 |[0m   [33mFilter[0m,
  [90m    |[0m [31m[1m^^^^^^^^^[0m
[31m[1m>[0m [90m213 |[0m   [33mLineChart[0m,
  [90m    |[0m [31m[1m^^^^^^^^^^^^[0m
[31m[1m>[0m [90m214 |[0m   [33mClock4[0m,
  [90m    |[0m [31m[1m^^^^^^^^^[0m
[31m[1m>[0m [90m215 |[0m   [33mFiles[0m,
  [90m    |[0m [31m[1m^^^^^^^^[0m
[31m[1m>[0m [90m216 |[0m   [33mTags[0m,
  [90m    |[0m [31m[1m^^^^^^^[0m
[31m[1m>[0m [90m217 |[0m   [33mUnlink[0m,
  [90m    |[0m [31m[1m^^^^^^^^^[0m
[31m[1m>[0m [90m218 |[0m   [33mBackslash[0m,
  [90m    |[0m [31m[1m^^^^^^^^^^^^[0m
[31m[1m>[0m [90m219 |[0m   [33mHeading[0m,
  [90m    |[0m [31m[1m^^^^^^^^^^[0m
[31m[1m>[0m [90m220 |[0m   [33mSunMoon[0m,
  [90m    |[0m [31m[1m^^^^^^^^^^[0m
[31m[1m>[0m [90m221 |[0m   [33mWaves[0m,
  [90m    |[0m [31m[1m^^^^^^^^[0m
[31m[1m>[0m [90m222 |[0m   [33mEdit[0m,
  [90m    |[0m [31m[1m^^^^^^^[0m
[31m[1m>[0m [90m223 |[0m   [33mMousePointer[0m,
  [90m    |[0m [31m[1m^^^^^^^^^^^^^^^[0m
[31m[1m>[0m [90m224 |[0m   [33mUserPlus[0m,
  [90m    |[0m [31m[1m^^^^^^^^^^^[0m
[31m[1m>[0m [90m225 |[0m   [33mDices[0m,
  [90m    |[0m [31m[1m^^^^^^^^[0m
[31m[1m>[0m [90m226 |[0m   [33mUtensils[0m,
  [90m    |[0m [31m[1m^^^^^^^^^^^[0m
[31m[1m>[0m [90m227 |[0m   [33mWheel[0m,
  [90m    |[0m [31m[1m^^^^^^^^[0m
[31m[1m>[0m [90m228 |[0m   [33mCheckCircle2[0m,
  [90m    |[0m [31m[1m^^^^^^^^^^^^^^^[0m
[31m[1m>[0m [90m229 |[0m   [33mMusic2[0m,
  [90m    |[0m [31m[1m^^^^^^^^^[0m
[31m[1m>[0m [90m230 |[0m   [33mSubtitles[0m,
  [90m    |[0m [31m[1m^^^^^^^^^^^^[0m
[31m[1m>[0m [90m231 |[0m   [33mDrum[0m,
  [90m    |[0m [31m[1m^^^^^^^[0m
[31m[1m>[0m [90m232 |[0m   [33mGuitar[0m,
  [90m    |[0m [31m[1m^^^^^^^^^[0m
[31m[1m>[0m [90m233 |[0m   [33mPhone[0m,
  [90m    |[0m [31m[1m^^^^^^^^[0m
[31m[1m>[0m [90m234 |[0m   [33mKeyboard[0m,
  [90m    |[0m [31m[1m^^^^^^^^^^^[0m
[31m[1m>[0m [90m235 |[0m   [33mUtensilsCrossed[0m,
  [90m    |[0m [31m[1m^^^^^^^^^^^^^^^^^^[0m
[31m[1m>[0m [90m236 |[0m   [33mScroll[0m,
  [90m    |[0m [31m[1m^^^^^^^^^[0m
[31m[1m>[0m [90m237 |[0m   [33mCloudSun[0m,
  [90m    |[0m [31m[1m^^^^^^^^^^^[0m
[31m[1m>[0m [90m238 |[0m   [33mPackage[0m,
  [90m    |[0m [31m[1m^^^^^^^^^^[0m
[31m[1m>[0m [90m239 |[0m   [33mPlane[0m,
  [90m    |[0m [31m[1m^^^^^^^^[0m
[31m[1m>[0m [90m240 |[0m   [33mTrain[0m,
  [90m    |[0m [31m[1m^^^^^^^^[0m
[31m[1m>[0m [90m241 |[0m   [33mGrid3x3[0m,
  [90m    |[0m [31m[1m^^^^^^^^^^[0m
[31m[1m>[0m [90m242 |[0m   [33mSigma[0m,
  [90m    |[0m [31m[1m^^^^^^^^[0m
[31m[1m>[0m [90m243 |[0m   [33mLightbulb[0m,
  [90m    |[0m [31m[1m^^^^^^^^^^^^[0m
[31m[1m>[0m [90m244 |[0m   [33mFlaskConical[0m,
  [90m    |[0m [31m[1m^^^^^^^^^^^^^^^[0m
[31m[1m>[0m [90m245 |[0m   [33mPenTool[0m,
  [90m    |[0m [31m[1m^^^^^^^^^^[0m
[31m[1m>[0m [90m246 |[0m   [33mScrollText[0m,
  [90m    |[0m [31m[1m^^^^^^^^^^^^^[0m
[31m[1m>[0m [90m247 |[0m   [33mMap[0m,
  [90m    |[0m [31m[1m^^^^^^[0m
[31m[1m>[0m [90m248 |[0m   [33mLandmark[0m,
  [90m    |[0m [31m[1m^^^^^^^^^^^[0m
[31m[1m>[0m [90m249 |[0m   [33mHeadphones[0m,
  [90m    |[0m [31m[1m^^^^^^^^^^^^^[0m
[31m[1m>[0m [90m250 |[0m   [33mBrain[0m,
  [90m    |[0m [31m[1m^^^^^^^^[0m
[31m[1m>[0m [90m251 |[0m   [33mFileCheck[0m,
  [90m    |[0m [31m[1m^^^^^^^^^^^^[0m
[31m[1m>[0m [90m252 |[0m   [33mFileQuestion[0m,
  [90m    |[0m [31m[1m^^^^^^^^^^^^^^^[0m
[31m[1m>[0m [90m253 |[0m   [33mFlaskRound[0m,
  [90m    |[0m [31m[1m^^^^^^^^^^^^^[0m
[31m[1m>[0m [90m254 |[0m   [33mPuzzle[0m,
  [90m    |[0m [31m[1m^^^^^^^^^[0m
[31m[1m>[0m [90m255 |[0m   [33mPieChart[0m,
  [90m    |[0m [31m[1m^^^^^^^^^^^[0m
[31m[1m>[0m [90m256 |[0m   [33mArrowDownRight[0m,
  [90m    |[0m [31m[1m^^^^^^^^^^^^^^^^^[0m
[31m[1m>[0m [90m257 |[0m   [33mRefreshCw[0m,
  [90m    |[0m [31m[1m^^^^^^^^^^^^[0m
[31m[1m>[0m [90m258 |[0m   [33mShieldCheck[0m,
  [90m    |[0m [31m[1m^^^^^^^^^^^^^^[0m
[31m[1m>[0m [90m259 |[0m   [33mGraduationCap[0m,
  [90m    |[0m [31m[1m^^^^^^^^^^^^^^^^[0m
[31m[1m>[0m [90m260 |[0m   [33mRocket[0m,
  [90m    |[0m [31m[1m^^^^^^^^^[0m
[31m[1m>[0m [90m261 |[0m   [33mDumbbell[0m,
  [90m    |[0m [31m[1m^^^^^^^^^^^[0m
[31m[1m>[0m [90m262 |[0m   [33mMoon[0m,
  [90m    |[0m [31m[1m^^^^^^^[0m
[31m[1m>[0m [90m263 |[0m   [33mCalendarHeart[0m,
  [90m    |[0m [31m[1m^^^^^^^^^^^^^^^^[0m
[31m[1m>[0m [90m264 |[0m   [33mPersonStanding[0m,
  [90m    |[0m [31m[1m^^^^^^^^^^^^^^^^^[0m
[31m[1m>[0m [90m265 |[0m   [33mHeartPulse[0m,
  [90m    |[0m [31m[1m^^^^^^^^^^^^^[0m
[31m[1m>[0m [90m266 |[0m   [33mFlower2[0m,
  [90m    |[0m [31m[1m^^^^^^^^^^[0m
[31m[1m>[0m [90m267 |[0m   [33mSystole[0m,
  [90m    |[0m [31m[1m^^^^^^^^^^[0m
[31m[1m>[0m [90m268 |[0m   [33mTestTube[0m,
  [90m    |[0m [31m[1m^^^^^^^^^^^[0m
[31m[1m>[0m [90m269 |[0m   [33mPill[0m,
  [90m    |[0m [31m[1m^^^^^^^[0m
[31m[1m>[0m [90m270 |[0m   [33mFootprints[0m,
  [90m    |[0m [31m[1m^^^^^^^^^^^^^[0m
[31m[1m>[0m [90m271 |[0m   [33mGlasses[0m,
  [90m    |[0m [31m[1m^^^^^^^^^^[0m
[31m[1m>[0m [90m272 |[0m   [33mFlower[0m,
  [90m    |[0m [31m[1m^^^^^^^^^[0m
[31m[1m>[0m [90m273 |[0m   [33mFirstAid[0m,
  [90m    |[0m [31m[1m^^^^^^^^^^^[0m
[31m[1m>[0m [90m274 |[0m   [33mPlug[0m,
  [90m    |[0m [31m[1m^^^^^^^[0m
[31m[1m>[0m [90m275 |[0m   [33mLink2[0m,
  [90m    |[0m [31m[1m^^^^^^^^[0m
[31m[1m>[0m [90m276 |[0m   [33mPaintBucket[0m,
  [90m    |[0m [31m[1m^^^^^^^^^^^^^^[0m
[31m[1m>[0m [90m277 |[0m   [33mAppWindow[0m,
  [90m    |[0m [31m[1m^^^^^^^^^^^^[0m
[31m[1m>[0m [90m278 |[0m   [33mColumns2[0m,
  [90m    |[0m [31m[1m^^^^^^^^^^^[0m
[31m[1m>[0m [90m279 |[0m   [33mCake[0m,
  [90m    |[0m [31m[1m^^^^^^^[0m
[31m[1m>[0m [90m280 |[0m   [33mTriangle[0m,
  [90m    |[0m [31m[1m^^^^^^^^^^^[0m
[31m[1m>[0m [90m281 |[0m   [33mGlassWater[0m,
  [90m    |[0m [31m[1m^^^^^^^^^^^^^[0m
[31m[1m>[0m [90m282 |[0m   [33mCalendarCheck[0m,
  [90m    |[0m [31m[1m^^^^^^^^^^^^^^^^[0m
[31m[1m>[0m [90m283 |[0m   [33mShoppingCart[0m,
  [90m    |[0m [31m[1m^^^^^^^^^^^^^^^[0m
[31m[1m>[0m [90m284 |[0m   [33mChefHat[0m,
  [90m    |[0m [31m[1m^^^^^^^^^^[0m
[31m[1m>[0m [90m285 |[0m   [33mAward[0m,
  [90m    |[0m [31m[1m^^^^^^^^[0m
[31m[1m>[0m [90m286 |[0m   [33mBackpack[0m,
  [90m    |[0m [31m[1m^^^^^^^^^^^[0m
[31m[1m>[0m [90m287 |[0m   [33mMegaphone[0m,
  [90m    |[0m [31m[1m^^^^^^^^^^^^[0m
[31m[1m>[0m [90m288 |[0m   [33mMailPlus[0m,
  [90m    |[0m [31m[1m^^^^^^^^^^^[0m
[31m[1m>[0m [90m289 |[0m   [33mFeather[0m,
  [90m    |[0m [31m[1m^^^^^^^^^^[0m
[31m[1m>[0m [90m290 |[0m   [33mSlidersHorizontal[0m,
  [90m    |[0m [31m[1m^^^^^^^^^^^^^^^^^^^^[0m
[31m[1m>[0m [90m291 |[0m   [33mSettings[0m,
  [90m    |[0m [31m[1m^^^^^^^^^^^[0m
[31m[1m>[0m [90m292 |[0m   [33mComponent[0m,
  [90m    |[0m [31m[1m^^^^^^^^^^^^[0m
[31m[1m>[0m [90m293 |[0m   [33mArchive[0m,
  [90m    |[0m [31m[1m^^^^^^^^^^[0m
[31m[1m>[0m [90m294 |[0m } [36mfrom[0m [32m"lucide-react"[0m;
  [90m    |[0m [31m[1m^^^^^^^^^^^^^^^^^^^[0m
  [90m295 |[0m
  [90m296 |[0m [36mexport[0m [36minterface[0m [33mTool[0m {
  [90m297 |[0m   id: string;

The export FirstAid was not found in module [project]/node_modules/lucide-react/dist/esm/lucide-react.mjs [app-ssr] (ec
mascript).
Did you mean to import FileAxis3d?
All exports of the module are statically known (It doesn't have dynamic exports). So it's known statically that the req
uested export doesn't exist.

Import traces:
  Server Component:
    ./src/lib/tools.ts
    ./src/app/tag/[slug]/page.tsx

  App Route:
    ./src/lib/tools.ts
    ./src/app/sitemap.ts
    ./src/app/sitemap--route-entry.js

  Client Component Browser:
    ./src/lib/tools.ts [Client Component Browser]
    ./src/components/ToolLayout.tsx [Client Component Browser]
    ./src/app/tools/json-to-java-class/page.tsx [Client Component Browser]
    ./src/app/tools/json-to-java-class/page.tsx [Server Component]

  Client Component SSR:
    ./src/lib/tools.ts [Client Component SSR]
    ./src/components/ToolLayout.tsx [Client Component SSR]
    ./src/app/tools/json-to-java-class/page.tsx [Client Component SSR]
    ./src/app/tools/json-to-java-class/page.tsx [Server Component]


./src/app/tools/blood-pressure-chart/page.tsx:4:1
Export Systole doesn't exist in target module
  [90m2 |[0m
  [90m3 |[0m [36mimport[0m [33mToolLayout[0m [36mfrom[0m [32m"@/components/ToolLayout"[0m;
[31m[1m>[0m [90m4 |[0m [36mimport[0m { [33mSystole[0m } [36mfrom[0m [32m"lucide-react"[0m;
  [90m  |[0m [31m[1m^^^^^^^^^^^^^^^^^^^^^^^^^^^^^^^^^^^^^^^[0m
  [90m5 |[0m
  [90m6 |[0m [36mexport[0m [36mdefault[0m [36mfunction[0m [33mBloodPressureChartPage[0m() {
  [90m7 |[0m   [36mreturn[0m (

The export Systole was not found in module [project]/node_modules/lucide-react/dist/esm/lucide-react.mjs [app-client] (
ecmascript).
Did you mean to import Store?
All exports of the module are statically known (It doesn't have dynamic exports). So it's known statically that the req
uested export doesn't exist.

Import traces:
  Client Component Browser:
    ./src/app/tools/blood-pressure-chart/page.tsx [Client Component Browser]
    ./src/app/tools/blood-pressure-chart/page.tsx [Server Component]

  Client Component SSR:
    ./src/app/tools/blood-pressure-chart/page.tsx [Client Component SSR]
    ./src/app/tools/blood-pressure-chart/page.tsx [Server Component]


./src/app/tools/blood-pressure-chart/page.tsx:4:1
Export Systole doesn't exist in target module
  [90m2 |[0m
  [90m3 |[0m [36mimport[0m [33mToolLayout[0m [36mfrom[0m [32m"@/components/ToolLayout"[0m;
[31m[1m>[0m [90m4 |[0m [36mimport[0m { [33mSystole[0m } [36mfrom[0m [32m"lucide-react"[0m;
  [90m  |[0m [31m[1m^^^^^^^^^^^^^^^^^^^^^^^^^^^^^^^^^^^^^^^[0m
  [90m5 |[0m
  [90m6 |[0m [36mexport[0m [36mdefault[0m [36mfunction[0m [33mBloodPressureChartPage[0m() {
  [90m7 |[0m   [36mreturn[0m (

The export Systole was not found in module [project]/node_modules/lucide-react/dist/esm/lucide-react.mjs [app-ssr] (ecm
ascript).
Did you mean to import Store?
All exports of the module are statically known (It doesn't have dynamic exports). So it's known statically that the req
uested export doesn't exist.

Import traces:
  Client Component Browser:
    ./src/app/tools/blood-pressure-chart/page.tsx [Client Component Browser]
    ./src/app/tools/blood-pressure-chart/page.tsx [Server Component]

  Client Component SSR:
    ./src/app/tools/blood-pressure-chart/page.tsx [Client Component SSR]
    ./src/app/tools/blood-pressure-chart/page.tsx [Server Component]


./src/lib/tools.ts:1:1
Export Systole doesn't exist in target module
[31m[1m>[0m [90m  1 |[0m ﻿[36mimport[0m {
  [90m    |[0m [31m[1m^^^^^^^[0m
[31m[1m>[0m [90m  2 |[0m   [33mBraces[0m,
  [90m    |[0m [31m[1m^^^^^^^^^[0m
[31m[1m>[0m [90m  3 |[0m   [33mBinary[0m,
  [90m    |[0m [31m[1m^^^^^^^^^[0m
[31m[1m>[0m [90m  4 |[0m   [33mLink[0m,
  [90m    |[0m [31m[1m^^^^^^^[0m
[31m[1m>[0m [90m  5 |[0m   [33mRegex[0m,
  [90m    |[0m [31m[1m^^^^^^^^[0m
[31m[1m>[0m [90m  6 |[0m   [33mFingerprint[0m,
  [90m    |[0m [31m[1m^^^^^^^^^^^^^^[0m
[31m[1m>[0m [90m  7 |[0m   [33mClock[0m,
  [90m    |[0m [31m[1m^^^^^^^^[0m
[31m[1m>[0m [90m  8 |[0m   [33mPalette[0m,
  [90m    |[0m [31m[1m^^^^^^^^^^[0m
[31m[1m>[0m [90m  9 |[0m   [33mFileText[0m,
  [90m    |[0m [31m[1m^^^^^^^^^^^[0m
[31m[1m>[0m [90m 10 |[0m   [33mQrCode[0m,
  [90m    |[0m [31m[1m^^^^^^^^^[0m
[31m[1m>[0m [90m 11 |[0m   [33mKeyRound[0m,
  [90m    |[0m [31m[1m^^^^^^^^^^^[0m
[31m[1m>[0m [90m 12 |[0m   [33mHash[0m,
  [90m    |[0m [31m[1m^^^^^^^[0m
[31m[1m>[0m [90m 13 |[0m   [33mCalculator[0m,
  [90m    |[0m [31m[1m^^^^^^^^^^^^^[0m
[31m[1m>[0m [90m 14 |[0m   [33mHome[0m,
  [90m    |[0m [31m[1m^^^^^^^[0m
[31m[1m>[0m [90m 15 |[0m   [33mWallet[0m,
  [90m    |[0m [31m[1m^^^^^^^^^[0m
[31m[1m>[0m [90m 16 |[0m   [33mScale[0m,
  [90m    |[0m [31m[1m^^^^^^^^[0m
[31m[1m>[0m [90m 17 |[0m   [33mBaby[0m,
  [90m    |[0m [31m[1m^^^^^^^[0m
[31m[1m>[0m [90m 18 |[0m   [33mRuler[0m,
  [90m    |[0m [31m[1m^^^^^^^^[0m
[31m[1m>[0m [90m 19 |[0m   [33mType[0m,
  [90m    |[0m [31m[1m^^^^^^^[0m
[31m[1m>[0m [90m 20 |[0m   [33mArrowUpDown[0m,
  [90m    |[0m [31m[1m^^^^^^^^^^^^^^[0m
[31m[1m>[0m [90m 21 |[0m   [33mTrash2[0m,
  [90m    |[0m [31m[1m^^^^^^^^^[0m
[31m[1m>[0m [90m 22 |[0m   [33mShuffle[0m,
  [90m    |[0m [31m[1m^^^^^^^^^^[0m
[31m[1m>[0m [90m 23 |[0m   [33mTicket[0m,
  [90m    |[0m [31m[1m^^^^^^^^^[0m
[31m[1m>[0m [90m 24 |[0m   [33mImage[0m,
  [90m    |[0m [31m[1m^^^^^^^^[0m
[31m[1m>[0m [90m 25 |[0m   [33mImageDown[0m,
  [90m    |[0m [31m[1m^^^^^^^^^^^^[0m
[31m[1m>[0m [90m 26 |[0m   [33mImagePlus[0m,
  [90m    |[0m [31m[1m^^^^^^^^^^^^[0m
[31m[1m>[0m [90m 27 |[0m   [33mFileImage[0m,
  [90m    |[0m [31m[1m^^^^^^^^^^^^[0m
[31m[1m>[0m [90m 28 |[0m   [33mUser[0m,
  [90m    |[0m [31m[1m^^^^^^^[0m
[31m[1m>[0m [90m 29 |[0m   [33mDroplets[0m,
  [90m    |[0m [31m[1m^^^^^^^^^^^[0m
[31m[1m>[0m [90m 30 |[0m   [33mRepeat[0m,
  [90m    |[0m [31m[1m^^^^^^^^^[0m
[31m[1m>[0m [90m 31 |[0m   [33mTimer[0m,
  [90m    |[0m [31m[1m^^^^^^^^[0m
[31m[1m>[0m [90m 32 |[0m   [33mCalendarDays[0m,
  [90m    |[0m [31m[1m^^^^^^^^^^^^^^^[0m
[31m[1m>[0m [90m 33 |[0m   [33mWallet[0m [36mas[0m [33mWalletIcon[0m,
  [90m    |[0m [31m[1m^^^^^^^^^^^^^^^^^^^^^^^[0m
[31m[1m>[0m [90m 34 |[0m   [33mFileDiff[0m,
  [90m    |[0m [31m[1m^^^^^^^^^^^[0m
[31m[1m>[0m [90m 35 |[0m   [33mTable2[0m,
  [90m    |[0m [31m[1m^^^^^^^^^[0m
[31m[1m>[0m [90m 36 |[0m   [33mLanguages[0m,
  [90m    |[0m [31m[1m^^^^^^^^^^^^[0m
[31m[1m>[0m [90m 37 |[0m   [33mGrid3X3[0m,
  [90m    |[0m [31m[1m^^^^^^^^^^[0m
[31m[1m>[0m [90m 38 |[0m   [33mCode2[0m,
  [90m    |[0m [31m[1m^^^^^^^^[0m
[31m[1m>[0m [90m 39 |[0m   [33mFileCode[0m,
  [90m    |[0m [31m[1m^^^^^^^^^^^[0m
[31m[1m>[0m [90m 40 |[0m   [33mScanLine[0m,
  [90m    |[0m [31m[1m^^^^^^^^^^^[0m
[31m[1m>[0m [90m 41 |[0m   [33mAlignLeft[0m,
  [90m    |[0m [31m[1m^^^^^^^^^^^^[0m
[31m[1m>[0m [90m 42 |[0m   [33mContact[0m,
  [90m    |[0m [31m[1m^^^^^^^^^^[0m
[31m[1m>[0m [90m 43 |[0m   [33mCrop[0m,
  [90m    |[0m [31m[1m^^^^^^^[0m
[31m[1m>[0m [90m 44 |[0m   [33mRotateCw[0m,
  [90m    |[0m [31m[1m^^^^^^^^^^^[0m
[31m[1m>[0m [90m 45 |[0m   [33mMaximize2[0m,
  [90m    |[0m [31m[1m^^^^^^^^^^^^[0m
[31m[1m>[0m [90m 46 |[0m   [33mSparkles[0m,
  [90m    |[0m [31m[1m^^^^^^^^^^^[0m
[31m[1m>[0m [90m 47 |[0m   [33mLayers[0m,
  [90m    |[0m [31m[1m^^^^^^^^^[0m
[31m[1m>[0m [90m 48 |[0m   [33mGrid2x2[0m,
  [90m    |[0m [31m[1m^^^^^^^^^^[0m
[31m[1m>[0m [90m 49 |[0m   [33mMonitor[0m,
  [90m    |[0m [31m[1m^^^^^^^^^^[0m
[31m[1m>[0m [90m 50 |[0m   [33mSmile[0m,
  [90m    |[0m [31m[1m^^^^^^^^[0m
[31m[1m>[0m [90m 51 |[0m   [33mFileDown[0m,
  [90m    |[0m [31m[1m^^^^^^^^^^^[0m
[31m[1m>[0m [90m 52 |[0m   [33mCombine[0m,
  [90m    |[0m [31m[1m^^^^^^^^^^[0m
[31m[1m>[0m [90m 53 |[0m   [33mVolume2[0m,
  [90m    |[0m [31m[1m^^^^^^^^^^[0m
[31m[1m>[0m [90m 54 |[0m   [33mEraser[0m,
  [90m    |[0m [31m[1m^^^^^^^^^[0m
[31m[1m>[0m [90m 55 |[0m   [33mFilm[0m,
  [90m    |[0m [31m[1m^^^^^^^[0m
[31m[1m>[0m [90m 56 |[0m   [33mCircle[0m,
  [90m    |[0m [31m[1m^^^^^^^^^[0m
[31m[1m>[0m [90m 57 |[0m   [33mCheckCircle[0m,
  [90m    |[0m [31m[1m^^^^^^^^^^^^^^[0m
[31m[1m>[0m [90m 58 |[0m   [33mArrowLeftRight[0m,
  [90m    |[0m [31m[1m^^^^^^^^^^^^^^^^^[0m
[31m[1m>[0m [90m 59 |[0m   [33mReplace[0m,
  [90m    |[0m [31m[1m^^^^^^^^^^[0m
[31m[1m>[0m [90m 60 |[0m   [33mDatabase[0m,
  [90m    |[0m [31m[1m^^^^^^^^^^^[0m
[31m[1m>[0m [90m 61 |[0m   [33mMinimize2[0m,
  [90m    |[0m [31m[1m^^^^^^^^^^^^[0m
[31m[1m>[0m [90m 62 |[0m   [33mFileJson[0m,
  [90m    |[0m [31m[1m^^^^^^^^^^^[0m
[31m[1m>[0m [90m 63 |[0m   [33mArrowRightLeft[0m,
  [90m    |[0m [31m[1m^^^^^^^^^^^^^^^^^[0m
[31m[1m>[0m [90m 64 |[0m   [33mDownload[0m,
  [90m    |[0m [31m[1m^^^^^^^^^^^[0m
[31m[1m>[0m [90m 65 |[0m   [33mTrash[0m,
  [90m    |[0m [31m[1m^^^^^^^^[0m
[31m[1m>[0m [90m 66 |[0m   [33mFlipHorizontal[0m,
  [90m    |[0m [31m[1m^^^^^^^^^^^^^^^^^[0m
[31m[1m>[0m [90m 67 |[0m   [33mFlipVertical[0m,
  [90m    |[0m [31m[1m^^^^^^^^^^^^^^^[0m
[31m[1m>[0m [90m 68 |[0m   [33mSun[0m,
  [90m    |[0m [31m[1m^^^^^^[0m
[31m[1m>[0m [90m 69 |[0m   [33mSquare[0m,
  [90m    |[0m [31m[1m^^^^^^^^^[0m
[31m[1m>[0m [90m 70 |[0m   [33mContrast[0m,
  [90m    |[0m [31m[1m^^^^^^^^^^^[0m
[31m[1m>[0m [90m 71 |[0m   [33mMinus[0m,
  [90m    |[0m [31m[1m^^^^^^^^[0m
[31m[1m>[0m [90m 72 |[0m   [33mLock[0m,
  [90m    |[0m [31m[1m^^^^^^^[0m
[31m[1m>[0m [90m 73 |[0m   [33mUnlock[0m,
  [90m    |[0m [31m[1m^^^^^^^^^[0m
[31m[1m>[0m [90m 74 |[0m   [33mMail[0m,
  [90m    |[0m [31m[1m^^^^^^^[0m
[31m[1m>[0m [90m 75 |[0m   [33mRadio[0m,
  [90m    |[0m [31m[1m^^^^^^^^[0m
[31m[1m>[0m [90m 76 |[0m   [33mPaintbrush[0m,
  [90m    |[0m [31m[1m^^^^^^^^^^^^^[0m
[31m[1m>[0m [90m 77 |[0m   [33mWind[0m,
  [90m    |[0m [31m[1m^^^^^^^[0m
[31m[1m>[0m [90m 78 |[0m   [33mBox[0m,
  [90m    |[0m [31m[1m^^^^^^[0m
[31m[1m>[0m [90m 79 |[0m   [33mQuote[0m,
  [90m    |[0m [31m[1m^^^^^^^^[0m
[31m[1m>[0m [90m 80 |[0m   [33mAtSign[0m,
  [90m    |[0m [31m[1m^^^^^^^^^[0m
[31m[1m>[0m [90m 81 |[0m   [33mZap[0m,
  [90m    |[0m [31m[1m^^^^^^[0m
[31m[1m>[0m [90m 82 |[0m   [33mUsers[0m,
  [90m    |[0m [31m[1m^^^^^^^^[0m
[31m[1m>[0m [90m 83 |[0m   [33mBarcode[0m,
  [90m    |[0m [31m[1m^^^^^^^^^^[0m
[31m[1m>[0m [90m 84 |[0m   [33mMessageSquare[0m,
  [90m    |[0m [31m[1m^^^^^^^^^^^^^^^^[0m
[31m[1m>[0m [90m 85 |[0m   [33mPercent[0m,
  [90m    |[0m [31m[1m^^^^^^^^^^[0m
[31m[1m>[0m [90m 86 |[0m   [33mDollarSign[0m,
  [90m    |[0m [31m[1m^^^^^^^^^^^^^[0m
[31m[1m>[0m [90m 87 |[0m   [33mTrendingUp[0m,
  [90m    |[0m [31m[1m^^^^^^^^^^^^^[0m
[31m[1m>[0m [90m 88 |[0m   [33mFlame[0m,
  [90m    |[0m [31m[1m^^^^^^^^[0m
[31m[1m>[0m [90m 89 |[0m   [33mTarget[0m,
  [90m    |[0m [31m[1m^^^^^^^^^[0m
[31m[1m>[0m [90m 90 |[0m   [33mDivide[0m,
  [90m    |[0m [31m[1m^^^^^^^^^[0m
[31m[1m>[0m [90m 91 |[0m   [33mGauge[0m,
  [90m    |[0m [31m[1m^^^^^^^^[0m
[31m[1m>[0m [90m 92 |[0m   [33mHardDrive[0m,
  [90m    |[0m [31m[1m^^^^^^^^^^^^[0m
[31m[1m>[0m [90m 93 |[0m   [33mActivity[0m,
  [90m    |[0m [31m[1m^^^^^^^^^^^[0m
[31m[1m>[0m [90m 94 |[0m   [33mBeaker[0m,
  [90m    |[0m [31m[1m^^^^^^^^^[0m
[31m[1m>[0m [90m 95 |[0m   [33mThermometer[0m,
  [90m    |[0m [31m[1m^^^^^^^^^^^^^^[0m
[31m[1m>[0m [90m 96 |[0m   [33mReceipt[0m,
  [90m    |[0m [31m[1m^^^^^^^^^^[0m
[31m[1m>[0m [90m 97 |[0m   [33mBanknote[0m,
  [90m    |[0m [31m[1m^^^^^^^^^^^[0m
[31m[1m>[0m [90m 98 |[0m   [33mPiggyBank[0m,
  [90m    |[0m [31m[1m^^^^^^^^^^^^[0m
[31m[1m>[0m [90m 99 |[0m   [33mCoins[0m,
  [90m    |[0m [31m[1m^^^^^^^^[0m
[31m[1m>[0m [90m100 |[0m   [33mHeart[0m,
  [90m    |[0m [31m[1m^^^^^^^^[0m
[31m[1m>[0m [90m101 |[0m   [33mBadgePercent[0m,
  [90m    |[0m [31m[1m^^^^^^^^^^^^^^^[0m
[31m[1m>[0m [90m102 |[0m   [33mFileSpreadsheet[0m,
  [90m    |[0m [31m[1m^^^^^^^^^^^^^^^^^^[0m
[31m[1m>[0m [90m103 |[0m
  [90m    |[0m [31m[1m^[0m
[31m[1m>[0m [90m104 |[0m   [33mFileType[0m,
  [90m    |[0m [31m[1m^^^^^^^^^^^[0m
[31m[1m>[0m [90m105 |[0m   [33mFileKey[0m,
  [90m    |[0m [31m[1m^^^^^^^^^^[0m
[31m[1m>[0m [90m106 |[0m   [33mFileSignature[0m,
  [90m    |[0m [31m[1m^^^^^^^^^^^^^^^^[0m
[31m[1m>[0m [90m107 |[0m   [33mFileStack[0m,
  [90m    |[0m [31m[1m^^^^^^^^^^^^[0m
[31m[1m>[0m [90m108 |[0m   [33mFileOutput[0m,
  [90m    |[0m [31m[1m^^^^^^^^^^^^^[0m
[31m[1m>[0m [90m109 |[0m   [33mFileInput[0m,
  [90m    |[0m [31m[1m^^^^^^^^^^^^[0m
[31m[1m>[0m [90m110 |[0m   [33mLayoutList[0m,
  [90m    |[0m [31m[1m^^^^^^^^^^^^^[0m
[31m[1m>[0m [90m111 |[0m
  [90m    |[0m [31m[1m^[0m
[31m[1m>[0m [90m112 |[0m   [33mPenLine[0m,
  [90m    |[0m [31m[1m^^^^^^^^^^[0m
[31m[1m>[0m [90m113 |[0m   [33mHighlighter[0m,
  [90m    |[0m [31m[1m^^^^^^^^^^^^^^[0m
[31m[1m>[0m [90m114 |[0m   [33mMusic[0m,
  [90m    |[0m [31m[1m^^^^^^^^[0m
[31m[1m>[0m [90m115 |[0m   [33mVideo[0m,
  [90m    |[0m [31m[1m^^^^^^^^[0m
[31m[1m>[0m [90m116 |[0m   [33mVolumeX[0m,
  [90m    |[0m [31m[1m^^^^^^^^^^[0m
[31m[1m>[0m [90m117 |[0m   [33mFastForward[0m,
  [90m    |[0m [31m[1m^^^^^^^^^^^^^^[0m
[31m[1m>[0m [90m118 |[0m   [33mRewind[0m,
  [90m    |[0m [31m[1m^^^^^^^^^[0m
[31m[1m>[0m [90m119 |[0m   [33mAudioWaveform[0m,
  [90m    |[0m [31m[1m^^^^^^^^^^^^^^^^[0m
[31m[1m>[0m [90m120 |[0m   [33mDisc[0m,
  [90m    |[0m [31m[1m^^^^^^^[0m
[31m[1m>[0m [90m121 |[0m   [33mMic[0m,
  [90m    |[0m [31m[1m^^^^^^[0m
[31m[1m>[0m [90m122 |[0m   [33mRadio[0m [36mas[0m [33mRadioIcon[0m,
  [90m    |[0m [31m[1m^^^^^^^^^^^^^^^^^^^^^[0m
[31m[1m>[0m [90m123 |[0m
  [90m    |[0m [31m[1m^[0m
[31m[1m>[0m [90m124 |[0m   [33mTimer[0m [36mas[0m [33mTimerIcon[0m,
  [90m    |[0m [31m[1m^^^^^^^^^^^^^^^^^^^^^[0m
[31m[1m>[0m [90m125 |[0m
  [90m    |[0m [31m[1m^[0m
[31m[1m>[0m [90m126 |[0m   [33mPause[0m,
  [90m    |[0m [31m[1m^^^^^^^^[0m
[31m[1m>[0m [90m127 |[0m   [33mRotateCcw[0m,
  [90m    |[0m [31m[1m^^^^^^^^^^^^[0m
[31m[1m>[0m [90m128 |[0m   [33mCoins[0m [36mas[0m [33mDiceIcon[0m,
  [90m    |[0m [31m[1m^^^^^^^^^^^^^^^^^^^^[0m
[31m[1m>[0m [90m129 |[0m   [33mTrophy[0m,
  [90m    |[0m [31m[1m^^^^^^^^^[0m
[31m[1m>[0m [90m130 |[0m   [33mTarget[0m [36mas[0m [33mTargetIcon[0m,
  [90m    |[0m [31m[1m^^^^^^^^^^^^^^^^^^^^^^^[0m
[31m[1m>[0m [90m131 |[0m   [33mGlobe[0m,
  [90m    |[0m [31m[1m^^^^^^^^[0m
[31m[1m>[0m [90m132 |[0m   [33mCheckSquare[0m,
  [90m    |[0m [31m[1m^^^^^^^^^^^^^^[0m
[31m[1m>[0m [90m133 |[0m   [33mListTodo[0m,
  [90m    |[0m [31m[1m^^^^^^^^^^^[0m
[31m[1m>[0m [90m134 |[0m   [33mReceipt[0m [36mas[0m [33mReceiptIcon[0m,
  [90m    |[0m [31m[1m^^^^^^^^^^^^^^^^^^^^^^^^^[0m
[31m[1m>[0m [90m135 |[0m   [33mFlame[0m [36mas[0m [33mFlameIcon[0m,
  [90m    |[0m [31m[1m^^^^^^^^^^^^^^^^^^^^^[0m
[31m[1m>[0m [90m136 |[0m   [33mDroplet[0m,
  [90m    |[0m [31m[1m^^^^^^^^^^[0m
[31m[1m>[0m [90m137 |[0m   [33mPipette[0m,
  [90m    |[0m [31m[1m^^^^^^^^^^[0m
[31m[1m>[0m [90m138 |[0m   [33mBlend[0m,
  [90m    |[0m [31m[1m^^^^^^^^[0m
[31m[1m>[0m [90m139 |[0m   [33mSun[0m [36mas[0m [33mSunIcon[0m,
  [90m    |[0m [31m[1m^^^^^^^^^^^^^^^^^[0m
[31m[1m>[0m [90m140 |[0m   [33mCircle[0m [36mas[0m [33mCircleIcon[0m,
  [90m    |[0m [31m[1m^^^^^^^^^^^^^^^^^^^^^^^[0m
[31m[1m>[0m [90m141 |[0m   [33mTag[0m,
  [90m    |[0m [31m[1m^^^^^^[0m
[31m[1m>[0m [90m142 |[0m   [33mEye[0m [36mas[0m [33mEyeIcon[0m,
  [90m    |[0m [31m[1m^^^^^^^^^^^^^^^^^[0m
[31m[1m>[0m [90m143 |[0m   [33mType[0m [36mas[0m [33mTypeIcon[0m,
  [90m    |[0m [31m[1m^^^^^^^^^^^^^^^^^^^[0m
[31m[1m>[0m [90m144 |[0m   [33mAlignCenter[0m,
  [90m    |[0m [31m[1m^^^^^^^^^^^^^^[0m
[31m[1m>[0m [90m145 |[0m   [33mArrowDown[0m,
  [90m    |[0m [31m[1m^^^^^^^^^^^^[0m
[31m[1m>[0m [90m146 |[0m   [33mBarChart2[0m,
  [90m    |[0m [31m[1m^^^^^^^^^^^^[0m
[31m[1m>[0m [90m147 |[0m   [33mBookOpen[0m,
  [90m    |[0m [31m[1m^^^^^^^^^^^[0m
[31m[1m>[0m [90m148 |[0m   [33mCheck[0m,
  [90m    |[0m [31m[1m^^^^^^^^[0m
[31m[1m>[0m [90m149 |[0m   [33mCopy[0m,
  [90m    |[0m [31m[1m^^^^^^^[0m
[31m[1m>[0m [90m150 |[0m   [33mScissors[0m,
  [90m    |[0m [31m[1m^^^^^^^^^^^[0m
[31m[1m>[0m [90m151 |[0m   [33mPlay[0m,
  [90m    |[0m [31m[1m^^^^^^^[0m
[31m[1m>[0m [90m152 |[0m   [33mFileSearch[0m,
  [90m    |[0m [31m[1m^^^^^^^^^^^^^[0m
[31m[1m>[0m [90m153 |[0m   [33mGitCompare[0m,
  [90m    |[0m [31m[1m^^^^^^^^^^^^^[0m
[31m[1m>[0m [90m154 |[0m   [33mListOrdered[0m,
  [90m    |[0m [31m[1m^^^^^^^^^^^^^^[0m
[31m[1m>[0m [90m155 |[0m   [33mMoveHorizontal[0m,
  [90m    |[0m [31m[1m^^^^^^^^^^^^^^^^^[0m
[31m[1m>[0m [90m156 |[0m
  [90m    |[0m [31m[1m^[0m
[31m[1m>[0m [90m157 |[0m
  [90m    |[0m [31m[1m^[0m
[31m[1m>[0m [90m158 |[0m   [33mSearch[0m,
  [90m    |[0m [31m[1m^^^^^^^^^[0m
[31m[1m>[0m [90m159 |[0m   [33mSliders[0m,
  [90m    |[0m [31m[1m^^^^^^^^^^[0m
[31m[1m>[0m [90m160 |[0m   [33mTerminal[0m,
  [90m    |[0m [31m[1m^^^^^^^^^^^[0m
[31m[1m>[0m [90m161 |[0m   [33mGitBranch[0m,
  [90m    |[0m [31m[1m^^^^^^^^^^^^[0m
[31m[1m>[0m [90m162 |[0m   [33mStar[0m,
  [90m    |[0m [31m[1m^^^^^^^[0m
[31m[1m>[0m [90m163 |[0m   [33mBriefcase[0m,
  [90m    |[0m [31m[1m^^^^^^^^^^^^[0m
[31m[1m>[0m [90m164 |[0m   [33mBuilding2[0m,
  [90m    |[0m [31m[1m^^^^^^^^^^^^[0m
[31m[1m>[0m [90m165 |[0m   [33mShield[0m,
  [90m    |[0m [31m[1m^^^^^^^^^[0m
[31m[1m>[0m [90m166 |[0m   [33mGift[0m,
  [90m    |[0m [31m[1m^^^^^^^[0m
[31m[1m>[0m [90m167 |[0m   [33mFocus[0m,
  [90m    |[0m [31m[1m^^^^^^^^[0m
[31m[1m>[0m [90m168 |[0m   [33mPaintbrush2[0m,
  [90m    |[0m [31m[1m^^^^^^^^^^^^^^[0m
[31m[1m>[0m [90m169 |[0m   [33mAperture[0m,
  [90m    |[0m [31m[1m^^^^^^^^^^^[0m
[31m[1m>[0m [90m170 |[0m   [33mWand2[0m,
  [90m    |[0m [31m[1m^^^^^^^^[0m
[31m[1m>[0m [90m171 |[0m   [33mCalendarClock[0m,
  [90m    |[0m [31m[1m^^^^^^^^^^^^^^^^[0m
[31m[1m>[0m [90m172 |[0m   [33mPawPrint[0m,
  [90m    |[0m [31m[1m^^^^^^^^^^^[0m
[31m[1m>[0m [90m173 |[0m   [33mSmartphone[0m,
  [90m    |[0m [31m[1m^^^^^^^^^^^^^[0m
[31m[1m>[0m [90m174 |[0m   [33mIdCard[0m,
  [90m    |[0m [31m[1m^^^^^^^^^[0m
[31m[1m>[0m [90m175 |[0m   [33mCreditCard[0m,
  [90m    |[0m [31m[1m^^^^^^^^^^^^^[0m
[31m[1m>[0m [90m176 |[0m   [33mCar[0m,
  [90m    |[0m [31m[1m^^^^^^[0m
[31m[1m>[0m [90m177 |[0m   [33mServer[0m,
  [90m    |[0m [31m[1m^^^^^^^^^[0m
[31m[1m>[0m [90m178 |[0m   [33mCode[0m,
  [90m    |[0m [31m[1m^^^^^^^[0m
[31m[1m>[0m [90m179 |[0m   [33mFile[0m,
  [90m    |[0m [31m[1m^^^^^^^[0m
[31m[1m>[0m [90m180 |[0m   [33mCalendar[0m,
  [90m    |[0m [31m[1m^^^^^^^^^^^[0m
[31m[1m>[0m [90m181 |[0m   [33mShirt[0m,
  [90m    |[0m [31m[1m^^^^^^^^[0m
[31m[1m>[0m [90m182 |[0m   [33mFlag[0m,
  [90m    |[0m [31m[1m^^^^^^^[0m
[31m[1m>[0m [90m183 |[0m   [33mCrown[0m,
  [90m    |[0m [31m[1m^^^^^^^^[0m
[31m[1m>[0m [90m184 |[0m   [33mAtom[0m,
  [90m    |[0m [31m[1m^^^^^^^[0m
[31m[1m>[0m [90m185 |[0m   [33mBookMarked[0m,
  [90m    |[0m [31m[1m^^^^^^^^^^^^^[0m
[31m[1m>[0m [90m186 |[0m   [33mMessageCircle[0m,
  [90m    |[0m [31m[1m^^^^^^^^^^^^^^^^[0m
[31m[1m>[0m [90m187 |[0m   [33mTable[0m,
  [90m    |[0m [31m[1m^^^^^^^^[0m
[31m[1m>[0m [90m188 |[0m   [33mFunctionSquare[0m,
  [90m    |[0m [31m[1m^^^^^^^^^^^^^^^^^[0m
[31m[1m>[0m [90m189 |[0m   [33mShapes[0m,
  [90m    |[0m [31m[1m^^^^^^^^^[0m
[31m[1m>[0m [90m190 |[0m   [33mPen[0m,
  [90m    |[0m [31m[1m^^^^^^[0m
[31m[1m>[0m [90m191 |[0m   [33mDiagram[0m,
  [90m    |[0m [31m[1m^^^^^^^^^^[0m
[31m[1m>[0m [90m192 |[0m   [33mNetwork[0m,
  [90m    |[0m [31m[1m^^^^^^^^^^[0m
[31m[1m>[0m [90m193 |[0m   [33mClipboardList[0m,
  [90m    |[0m [31m[1m^^^^^^^^^^^^^^^^[0m
[31m[1m>[0m [90m194 |[0m   [33mLayoutGrid[0m,
  [90m    |[0m [31m[1m^^^^^^^^^^^^^[0m
[31m[1m>[0m [90m195 |[0m   [33mInfo[0m,
  [90m    |[0m [31m[1m^^^^^^^[0m
[31m[1m>[0m [90m196 |[0m   [33mCamera[0m,
  [90m    |[0m [31m[1m^^^^^^^^^[0m
[31m[1m>[0m [90m197 |[0m   [33mPipette[0m,
  [90m    |[0m [31m[1m^^^^^^^^^^[0m
[31m[1m>[0m [90m198 |[0m   [33mCircleDot[0m,
  [90m    |[0m [31m[1m^^^^^^^^^^^^[0m
[31m[1m>[0m [90m199 |[0m   [33mPresentation[0m,
  [90m    |[0m [31m[1m^^^^^^^^^^^^^^^[0m
[31m[1m>[0m [90m200 |[0m   [33mBook[0m,
  [90m    |[0m [31m[1m^^^^^^^[0m
[31m[1m>[0m [90m201 |[0m   [33mAlignVerticalSpaceAround[0m,
  [90m    |[0m [31m[1m^^^^^^^^^^^^^^^^^^^^^^^^^^^[0m
[31m[1m>[0m [90m202 |[0m   [33mFileSplit[0m,
  [90m    |[0m [31m[1m^^^^^^^^^^^^[0m
[31m[1m>[0m [90m203 |[0m   [33mFileArchive[0m,
  [90m    |[0m [31m[1m^^^^^^^^^^^^^^[0m
[31m[1m>[0m [90m204 |[0m   [33mWrench[0m,
  [90m    |[0m [31m[1m^^^^^^^^^[0m
[31m[1m>[0m [90m205 |[0m   [33mList[0m,
  [90m    |[0m [31m[1m^^^^^^^[0m
[31m[1m>[0m [90m206 |[0m   [33mImages[0m,
  [90m    |[0m [31m[1m^^^^^^^^^[0m
[31m[1m>[0m [90m207 |[0m   [33mWifi[0m,
  [90m    |[0m [31m[1m^^^^^^^[0m
[31m[1m>[0m [90m208 |[0m   [33mKey[0m,
  [90m    |[0m [31m[1m^^^^^^[0m
[31m[1m>[0m [90m209 |[0m   [33mGraphQl[0m,
  [90m    |[0m [31m[1m^^^^^^^^^^[0m
[31m[1m>[0m [90m210 |[0m   [33mCoffee[0m,
  [90m    |[0m [31m[1m^^^^^^^^^[0m
[31m[1m>[0m [90m211 |[0m   [33mPython[0m,
  [90m    |[0m [31m[1m^^^^^^^^^[0m
[31m[1m>[0m [90m212 |[0m   [33mFilter[0m,
  [90m    |[0m [31m[1m^^^^^^^^^[0m
[31m[1m>[0m [90m213 |[0m   [33mLineChart[0m,
  [90m    |[0m [31m[1m^^^^^^^^^^^^[0m
[31m[1m>[0m [90m214 |[0m   [33mClock4[0m,
  [90m    |[0m [31m[1m^^^^^^^^^[0m
[31m[1m>[0m [90m215 |[0m   [33mFiles[0m,
  [90m    |[0m [31m[1m^^^^^^^^[0m
[31m[1m>[0m [90m216 |[0m   [33mTags[0m,
  [90m    |[0m [31m[1m^^^^^^^[0m
[31m[1m>[0m [90m217 |[0m   [33mUnlink[0m,
  [90m    |[0m [31m[1m^^^^^^^^^[0m
[31m[1m>[0m [90m218 |[0m   [33mBackslash[0m,
  [90m    |[0m [31m[1m^^^^^^^^^^^^[0m
[31m[1m>[0m [90m219 |[0m   [33mHeading[0m,
  [90m    |[0m [31m[1m^^^^^^^^^^[0m
[31m[1m>[0m [90m220 |[0m   [33mSunMoon[0m,
  [90m    |[0m [31m[1m^^^^^^^^^^[0m
[31m[1m>[0m [90m221 |[0m   [33mWaves[0m,
  [90m    |[0m [31m[1m^^^^^^^^[0m
[31m[1m>[0m [90m222 |[0m   [33mEdit[0m,
  [90m    |[0m [31m[1m^^^^^^^[0m
[31m[1m>[0m [90m223 |[0m   [33mMousePointer[0m,
  [90m    |[0m [31m[1m^^^^^^^^^^^^^^^[0m
[31m[1m>[0m [90m224 |[0m   [33mUserPlus[0m,
  [90m    |[0m [31m[1m^^^^^^^^^^^[0m
[31m[1m>[0m [90m225 |[0m   [33mDices[0m,
  [90m    |[0m [31m[1m^^^^^^^^[0m
[31m[1m>[0m [90m226 |[0m   [33mUtensils[0m,
  [90m    |[0m [31m[1m^^^^^^^^^^^[0m
[31m[1m>[0m [90m227 |[0m   [33mWheel[0m,
  [90m    |[0m [31m[1m^^^^^^^^[0m
[31m[1m>[0m [90m228 |[0m   [33mCheckCircle2[0m,
  [90m    |[0m [31m[1m^^^^^^^^^^^^^^^[0m
[31m[1m>[0m [90m229 |[0m   [33mMusic2[0m,
  [90m    |[0m [31m[1m^^^^^^^^^[0m
[31m[1m>[0m [90m230 |[0m   [33mSubtitles[0m,
  [90m    |[0m [31m[1m^^^^^^^^^^^^[0m
[31m[1m>[0m [90m231 |[0m   [33mDrum[0m,
  [90m    |[0m [31m[1m^^^^^^^[0m
[31m[1m>[0m [90m232 |[0m   [33mGuitar[0m,
  [90m    |[0m [31m[1m^^^^^^^^^[0m
[31m[1m>[0m [90m233 |[0m   [33mPhone[0m,
  [90m    |[0m [31m[1m^^^^^^^^[0m
[31m[1m>[0m [90m234 |[0m   [33mKeyboard[0m,
  [90m    |[0m [31m[1m^^^^^^^^^^^[0m
[31m[1m>[0m [90m235 |[0m   [33mUtensilsCrossed[0m,
  [90m    |[0m [31m[1m^^^^^^^^^^^^^^^^^^[0m
[31m[1m>[0m [90m236 |[0m   [33mScroll[0m,
  [90m    |[0m [31m[1m^^^^^^^^^[0m
[31m[1m>[0m [90m237 |[0m   [33mCloudSun[0m,
  [90m    |[0m [31m[1m^^^^^^^^^^^[0m
[31m[1m>[0m [90m238 |[0m   [33mPackage[0m,
  [90m    |[0m [31m[1m^^^^^^^^^^[0m
[31m[1m>[0m [90m239 |[0m   [33mPlane[0m,
  [90m    |[0m [31m[1m^^^^^^^^[0m
[31m[1m>[0m [90m240 |[0m   [33mTrain[0m,
  [90m    |[0m [31m[1m^^^^^^^^[0m
[31m[1m>[0m [90m241 |[0m   [33mGrid3x3[0m,
  [90m    |[0m [31m[1m^^^^^^^^^^[0m
[31m[1m>[0m [90m242 |[0m   [33mSigma[0m,
  [90m    |[0m [31m[1m^^^^^^^^[0m
[31m[1m>[0m [90m243 |[0m   [33mLightbulb[0m,
  [90m    |[0m [31m[1m^^^^^^^^^^^^[0m
[31m[1m>[0m [90m244 |[0m   [33mFlaskConical[0m,
  [90m    |[0m [31m[1m^^^^^^^^^^^^^^^[0m
[31m[1m>[0m [90m245 |[0m   [33mPenTool[0m,
  [90m    |[0m [31m[1m^^^^^^^^^^[0m
[31m[1m>[0m [90m246 |[0m   [33mScrollText[0m,
  [90m    |[0m [31m[1m^^^^^^^^^^^^^[0m
[31m[1m>[0m [90m247 |[0m   [33mMap[0m,
  [90m    |[0m [31m[1m^^^^^^[0m
[31m[1m>[0m [90m248 |[0m   [33mLandmark[0m,
  [90m    |[0m [31m[1m^^^^^^^^^^^[0m
[31m[1m>[0m [90m249 |[0m   [33mHeadphones[0m,
  [90m    |[0m [31m[1m^^^^^^^^^^^^^[0m
[31m[1m>[0m [90m250 |[0m   [33mBrain[0m,
  [90m    |[0m [31m[1m^^^^^^^^[0m
[31m[1m>[0m [90m251 |[0m   [33mFileCheck[0m,
  [90m    |[0m [31m[1m^^^^^^^^^^^^[0m
[31m[1m>[0m [90m252 |[0m   [33mFileQuestion[0m,
  [90m    |[0m [31m[1m^^^^^^^^^^^^^^^[0m
[31m[1m>[0m [90m253 |[0m   [33mFlaskRound[0m,
  [90m    |[0m [31m[1m^^^^^^^^^^^^^[0m
[31m[1m>[0m [90m254 |[0m   [33mPuzzle[0m,
  [90m    |[0m [31m[1m^^^^^^^^^[0m
[31m[1m>[0m [90m255 |[0m   [33mPieChart[0m,
  [90m    |[0m [31m[1m^^^^^^^^^^^[0m
[31m[1m>[0m [90m256 |[0m   [33mArrowDownRight[0m,
  [90m    |[0m [31m[1m^^^^^^^^^^^^^^^^^[0m
[31m[1m>[0m [90m257 |[0m   [33mRefreshCw[0m,
  [90m    |[0m [31m[1m^^^^^^^^^^^^[0m
[31m[1m>[0m [90m258 |[0m   [33mShieldCheck[0m,
  [90m    |[0m [31m[1m^^^^^^^^^^^^^^[0m
[31m[1m>[0m [90m259 |[0m   [33mGraduationCap[0m,
  [90m    |[0m [31m[1m^^^^^^^^^^^^^^^^[0m
[31m[1m>[0m [90m260 |[0m   [33mRocket[0m,
  [90m    |[0m [31m[1m^^^^^^^^^[0m
[31m[1m>[0m [90m261 |[0m   [33mDumbbell[0m,
  [90m    |[0m [31m[1m^^^^^^^^^^^[0m
[31m[1m>[0m [90m262 |[0m   [33mMoon[0m,
  [90m    |[0m [31m[1m^^^^^^^[0m
[31m[1m>[0m [90m263 |[0m   [33mCalendarHeart[0m,
  [90m    |[0m [31m[1m^^^^^^^^^^^^^^^^[0m
[31m[1m>[0m [90m264 |[0m   [33mPersonStanding[0m,
  [90m    |[0m [31m[1m^^^^^^^^^^^^^^^^^[0m
[31m[1m>[0m [90m265 |[0m   [33mHeartPulse[0m,
  [90m    |[0m [31m[1m^^^^^^^^^^^^^[0m
[31m[1m>[0m [90m266 |[0m   [33mFlower2[0m,
  [90m    |[0m [31m[1m^^^^^^^^^^[0m
[31m[1m>[0m [90m267 |[0m   [33mSystole[0m,
  [90m    |[0m [31m[1m^^^^^^^^^^[0m
[31m[1m>[0m [90m268 |[0m   [33mTestTube[0m,
  [90m    |[0m [31m[1m^^^^^^^^^^^[0m
[31m[1m>[0m [90m269 |[0m   [33mPill[0m,
  [90m    |[0m [31m[1m^^^^^^^[0m
[31m[1m>[0m [90m270 |[0m   [33mFootprints[0m,
  [90m    |[0m [31m[1m^^^^^^^^^^^^^[0m
[31m[1m>[0m [90m271 |[0m   [33mGlasses[0m,
  [90m    |[0m [31m[1m^^^^^^^^^^[0m
[31m[1m>[0m [90m272 |[0m   [33mFlower[0m,
  [90m    |[0m [31m[1m^^^^^^^^^[0m
[31m[1m>[0m [90m273 |[0m   [33mFirstAid[0m,
  [90m    |[0m [31m[1m^^^^^^^^^^^[0m
[31m[1m>[0m [90m274 |[0m   [33mPlug[0m,
  [90m    |[0m [31m[1m^^^^^^^[0m
[31m[1m>[0m [90m275 |[0m   [33mLink2[0m,
  [90m    |[0m [31m[1m^^^^^^^^[0m
[31m[1m>[0m [90m276 |[0m   [33mPaintBucket[0m,
  [90m    |[0m [31m[1m^^^^^^^^^^^^^^[0m
[31m[1m>[0m [90m277 |[0m   [33mAppWindow[0m,
  [90m    |[0m [31m[1m^^^^^^^^^^^^[0m
[31m[1m>[0m [90m278 |[0m   [33mColumns2[0m,
  [90m    |[0m [31m[1m^^^^^^^^^^^[0m
[31m[1m>[0m [90m279 |[0m   [33mCake[0m,
  [90m    |[0m [31m[1m^^^^^^^[0m
[31m[1m>[0m [90m280 |[0m   [33mTriangle[0m,
  [90m    |[0m [31m[1m^^^^^^^^^^^[0m
[31m[1m>[0m [90m281 |[0m   [33mGlassWater[0m,
  [90m    |[0m [31m[1m^^^^^^^^^^^^^[0m
[31m[1m>[0m [90m282 |[0m   [33mCalendarCheck[0m,
  [90m    |[0m [31m[1m^^^^^^^^^^^^^^^^[0m
[31m[1m>[0m [90m283 |[0m   [33mShoppingCart[0m,
  [90m    |[0m [31m[1m^^^^^^^^^^^^^^^[0m
[31m[1m>[0m [90m284 |[0m   [33mChefHat[0m,
  [90m    |[0m [31m[1m^^^^^^^^^^[0m
[31m[1m>[0m [90m285 |[0m   [33mAward[0m,
  [90m    |[0m [31m[1m^^^^^^^^[0m
[31m[1m>[0m [90m286 |[0m   [33mBackpack[0m,
  [90m    |[0m [31m[1m^^^^^^^^^^^[0m
[31m[1m>[0m [90m287 |[0m   [33mMegaphone[0m,
  [90m    |[0m [31m[1m^^^^^^^^^^^^[0m
[31m[1m>[0m [90m288 |[0m   [33mMailPlus[0m,
  [90m    |[0m [31m[1m^^^^^^^^^^^[0m
[31m[1m>[0m [90m289 |[0m   [33mFeather[0m,
  [90m    |[0m [31m[1m^^^^^^^^^^[0m
[31m[1m>[0m [90m290 |[0m   [33mSlidersHorizontal[0m,
  [90m    |[0m [31m[1m^^^^^^^^^^^^^^^^^^^^[0m
[31m[1m>[0m [90m291 |[0m   [33mSettings[0m,
  [90m    |[0m [31m[1m^^^^^^^^^^^[0m
[31m[1m>[0m [90m292 |[0m   [33mComponent[0m,
  [90m    |[0m [31m[1m^^^^^^^^^^^^[0m
[31m[1m>[0m [90m293 |[0m   [33mArchive[0m,
  [90m    |[0m [31m[1m^^^^^^^^^^[0m
[31m[1m>[0m [90m294 |[0m } [36mfrom[0m [32m"lucide-react"[0m;
  [90m    |[0m [31m[1m^^^^^^^^^^^^^^^^^^^[0m
  [90m295 |[0m
  [90m296 |[0m [36mexport[0m [36minterface[0m [33mTool[0m {
  [90m297 |[0m   id: string;

The export Systole was not found in module [project]/node_modules/lucide-react/dist/esm/lucide-react.mjs [app-client] (
ecmascript).
Did you mean to import Store?
All exports of the module are statically known (It doesn't have dynamic exports). So it's known statically that the req
uested export doesn't exist.

Import traces:
  Server Component:
    ./src/lib/tools.ts
    ./src/app/tag/[slug]/page.tsx

  App Route:
    ./src/lib/tools.ts
    ./src/app/sitemap.ts
    ./src/app/sitemap--route-entry.js

  Client Component Browser:
    ./src/lib/tools.ts [Client Component Browser]
    ./src/components/ToolLayout.tsx [Client Component Browser]
    ./src/app/tools/json-to-java-class/page.tsx [Client Component Browser]
    ./src/app/tools/json-to-java-class/page.tsx [Server Component]

  Client Component SSR:
    ./src/lib/tools.ts [Client Component SSR]
    ./src/components/ToolLayout.tsx [Client Component SSR]
    ./src/app/tools/json-to-java-class/page.tsx [Client Component SSR]
    ./src/app/tools/json-to-java-class/page.tsx [Server Component]


./src/lib/tools.ts:1:1
Export Systole doesn't exist in target module
[31m[1m>[0m [90m  1 |[0m ﻿[36mimport[0m {
  [90m    |[0m [31m[1m^^^^^^^[0m
[31m[1m>[0m [90m  2 |[0m   [33mBraces[0m,
  [90m    |[0m [31m[1m^^^^^^^^^[0m
[31m[1m>[0m [90m  3 |[0m   [33mBinary[0m,
  [90m    |[0m [31m[1m^^^^^^^^^[0m
[31m[1m>[0m [90m  4 |[0m   [33mLink[0m,
  [90m    |[0m [31m[1m^^^^^^^[0m
[31m[1m>[0m [90m  5 |[0m   [33mRegex[0m,
  [90m    |[0m [31m[1m^^^^^^^^[0m
[31m[1m>[0m [90m  6 |[0m   [33mFingerprint[0m,
  [90m    |[0m [31m[1m^^^^^^^^^^^^^^[0m
[31m[1m>[0m [90m  7 |[0m   [33mClock[0m,
  [90m    |[0m [31m[1m^^^^^^^^[0m
[31m[1m>[0m [90m  8 |[0m   [33mPalette[0m,
  [90m    |[0m [31m[1m^^^^^^^^^^[0m
[31m[1m>[0m [90m  9 |[0m   [33mFileText[0m,
  [90m    |[0m [31m[1m^^^^^^^^^^^[0m
[31m[1m>[0m [90m 10 |[0m   [33mQrCode[0m,
  [90m    |[0m [31m[1m^^^^^^^^^[0m
[31m[1m>[0m [90m 11 |[0m   [33mKeyRound[0m,
  [90m    |[0m [31m[1m^^^^^^^^^^^[0m
[31m[1m>[0m [90m 12 |[0m   [33mHash[0m,
  [90m    |[0m [31m[1m^^^^^^^[0m
[31m[1m>[0m [90m 13 |[0m   [33mCalculator[0m,
  [90m    |[0m [31m[1m^^^^^^^^^^^^^[0m
[31m[1m>[0m [90m 14 |[0m   [33mHome[0m,
  [90m    |[0m [31m[1m^^^^^^^[0m
[31m[1m>[0m [90m 15 |[0m   [33mWallet[0m,
  [90m    |[0m [31m[1m^^^^^^^^^[0m
[31m[1m>[0m [90m 16 |[0m   [33mScale[0m,
  [90m    |[0m [31m[1m^^^^^^^^[0m
[31m[1m>[0m [90m 17 |[0m   [33mBaby[0m,
  [90m    |[0m [31m[1m^^^^^^^[0m
[31m[1m>[0m [90m 18 |[0m   [33mRuler[0m,
  [90m    |[0m [31m[1m^^^^^^^^[0m
[31m[1m>[0m [90m 19 |[0m   [33mType[0m,
  [90m    |[0m [31m[1m^^^^^^^[0m
[31m[1m>[0m [90m 20 |[0m   [33mArrowUpDown[0m,
  [90m    |[0m [31m[1m^^^^^^^^^^^^^^[0m
[31m[1m>[0m [90m 21 |[0m   [33mTrash2[0m,
  [90m    |[0m [31m[1m^^^^^^^^^[0m
[31m[1m>[0m [90m 22 |[0m   [33mShuffle[0m,
  [90m    |[0m [31m[1m^^^^^^^^^^[0m
[31m[1m>[0m [90m 23 |[0m   [33mTicket[0m,
  [90m    |[0m [31m[1m^^^^^^^^^[0m
[31m[1m>[0m [90m 24 |[0m   [33mImage[0m,
  [90m    |[0m [31m[1m^^^^^^^^[0m
[31m[1m>[0m [90m 25 |[0m   [33mImageDown[0m,
  [90m    |[0m [31m[1m^^^^^^^^^^^^[0m
[31m[1m>[0m [90m 26 |[0m   [33mImagePlus[0m,
  [90m    |[0m [31m[1m^^^^^^^^^^^^[0m
[31m[1m>[0m [90m 27 |[0m   [33mFileImage[0m,
  [90m    |[0m [31m[1m^^^^^^^^^^^^[0m
[31m[1m>[0m [90m 28 |[0m   [33mUser[0m,
  [90m    |[0m [31m[1m^^^^^^^[0m
[31m[1m>[0m [90m 29 |[0m   [33mDroplets[0m,
  [90m    |[0m [31m[1m^^^^^^^^^^^[0m
[31m[1m>[0m [90m 30 |[0m   [33mRepeat[0m,
  [90m    |[0m [31m[1m^^^^^^^^^[0m
[31m[1m>[0m [90m 31 |[0m   [33mTimer[0m,
  [90m    |[0m [31m[1m^^^^^^^^[0m
[31m[1m>[0m [90m 32 |[0m   [33mCalendarDays[0m,
  [90m    |[0m [31m[1m^^^^^^^^^^^^^^^[0m
[31m[1m>[0m [90m 33 |[0m   [33mWallet[0m [36mas[0m [33mWalletIcon[0m,
  [90m    |[0m [31m[1m^^^^^^^^^^^^^^^^^^^^^^^[0m
[31m[1m>[0m [90m 34 |[0m   [33mFileDiff[0m,
  [90m    |[0m [31m[1m^^^^^^^^^^^[0m
[31m[1m>[0m [90m 35 |[0m   [33mTable2[0m,
  [90m    |[0m [31m[1m^^^^^^^^^[0m
[31m[1m>[0m [90m 36 |[0m   [33mLanguages[0m,
  [90m    |[0m [31m[1m^^^^^^^^^^^^[0m
[31m[1m>[0m [90m 37 |[0m   [33mGrid3X3[0m,
  [90m    |[0m [31m[1m^^^^^^^^^^[0m
[31m[1m>[0m [90m 38 |[0m   [33mCode2[0m,
  [90m    |[0m [31m[1m^^^^^^^^[0m
[31m[1m>[0m [90m 39 |[0m   [33mFileCode[0m,
  [90m    |[0m [31m[1m^^^^^^^^^^^[0m
[31m[1m>[0m [90m 40 |[0m   [33mScanLine[0m,
  [90m    |[0m [31m[1m^^^^^^^^^^^[0m
[31m[1m>[0m [90m 41 |[0m   [33mAlignLeft[0m,
  [90m    |[0m [31m[1m^^^^^^^^^^^^[0m
[31m[1m>[0m [90m 42 |[0m   [33mContact[0m,
  [90m    |[0m [31m[1m^^^^^^^^^^[0m
[31m[1m>[0m [90m 43 |[0m   [33mCrop[0m,
  [90m    |[0m [31m[1m^^^^^^^[0m
[31m[1m>[0m [90m 44 |[0m   [33mRotateCw[0m,
  [90m    |[0m [31m[1m^^^^^^^^^^^[0m
[31m[1m>[0m [90m 45 |[0m   [33mMaximize2[0m,
  [90m    |[0m [31m[1m^^^^^^^^^^^^[0m
[31m[1m>[0m [90m 46 |[0m   [33mSparkles[0m,
  [90m    |[0m [31m[1m^^^^^^^^^^^[0m
[31m[1m>[0m [90m 47 |[0m   [33mLayers[0m,
  [90m    |[0m [31m[1m^^^^^^^^^[0m
[31m[1m>[0m [90m 48 |[0m   [33mGrid2x2[0m,
  [90m    |[0m [31m[1m^^^^^^^^^^[0m
[31m[1m>[0m [90m 49 |[0m   [33mMonitor[0m,
  [90m    |[0m [31m[1m^^^^^^^^^^[0m
[31m[1m>[0m [90m 50 |[0m   [33mSmile[0m,
  [90m    |[0m [31m[1m^^^^^^^^[0m
[31m[1m>[0m [90m 51 |[0m   [33mFileDown[0m,
  [90m    |[0m [31m[1m^^^^^^^^^^^[0m
[31m[1m>[0m [90m 52 |[0m   [33mCombine[0m,
  [90m    |[0m [31m[1m^^^^^^^^^^[0m
[31m[1m>[0m [90m 53 |[0m   [33mVolume2[0m,
  [90m    |[0m [31m[1m^^^^^^^^^^[0m
[31m[1m>[0m [90m 54 |[0m   [33mEraser[0m,
  [90m    |[0m [31m[1m^^^^^^^^^[0m
[31m[1m>[0m [90m 55 |[0m   [33mFilm[0m,
  [90m    |[0m [31m[1m^^^^^^^[0m
[31m[1m>[0m [90m 56 |[0m   [33mCircle[0m,
  [90m    |[0m [31m[1m^^^^^^^^^[0m
[31m[1m>[0m [90m 57 |[0m   [33mCheckCircle[0m,
  [90m    |[0m [31m[1m^^^^^^^^^^^^^^[0m
[31m[1m>[0m [90m 58 |[0m   [33mArrowLeftRight[0m,
  [90m    |[0m [31m[1m^^^^^^^^^^^^^^^^^[0m
[31m[1m>[0m [90m 59 |[0m   [33mReplace[0m,
  [90m    |[0m [31m[1m^^^^^^^^^^[0m
[31m[1m>[0m [90m 60 |[0m   [33mDatabase[0m,
  [90m    |[0m [31m[1m^^^^^^^^^^^[0m
[31m[1m>[0m [90m 61 |[0m   [33mMinimize2[0m,
  [90m    |[0m [31m[1m^^^^^^^^^^^^[0m
[31m[1m>[0m [90m 62 |[0m   [33mFileJson[0m,
  [90m    |[0m [31m[1m^^^^^^^^^^^[0m
[31m[1m>[0m [90m 63 |[0m   [33mArrowRightLeft[0m,
  [90m    |[0m [31m[1m^^^^^^^^^^^^^^^^^[0m
[31m[1m>[0m [90m 64 |[0m   [33mDownload[0m,
  [90m    |[0m [31m[1m^^^^^^^^^^^[0m
[31m[1m>[0m [90m 65 |[0m   [33mTrash[0m,
  [90m    |[0m [31m[1m^^^^^^^^[0m
[31m[1m>[0m [90m 66 |[0m   [33mFlipHorizontal[0m,
  [90m    |[0m [31m[1m^^^^^^^^^^^^^^^^^[0m
[31m[1m>[0m [90m 67 |[0m   [33mFlipVertical[0m,
  [90m    |[0m [31m[1m^^^^^^^^^^^^^^^[0m
[31m[1m>[0m [90m 68 |[0m   [33mSun[0m,
  [90m    |[0m [31m[1m^^^^^^[0m
[31m[1m>[0m [90m 69 |[0m   [33mSquare[0m,
  [90m    |[0m [31m[1m^^^^^^^^^[0m
[31m[1m>[0m [90m 70 |[0m   [33mContrast[0m,
  [90m    |[0m [31m[1m^^^^^^^^^^^[0m
[31m[1m>[0m [90m 71 |[0m   [33mMinus[0m,
  [90m    |[0m [31m[1m^^^^^^^^[0m
[31m[1m>[0m [90m 72 |[0m   [33mLock[0m,
  [90m    |[0m [31m[1m^^^^^^^[0m
[31m[1m>[0m [90m 73 |[0m   [33mUnlock[0m,
  [90m    |[0m [31m[1m^^^^^^^^^[0m
[31m[1m>[0m [90m 74 |[0m   [33mMail[0m,
  [90m    |[0m [31m[1m^^^^^^^[0m
[31m[1m>[0m [90m 75 |[0m   [33mRadio[0m,
  [90m    |[0m [31m[1m^^^^^^^^[0m
[31m[1m>[0m [90m 76 |[0m   [33mPaintbrush[0m,
  [90m    |[0m [31m[1m^^^^^^^^^^^^^[0m
[31m[1m>[0m [90m 77 |[0m   [33mWind[0m,
  [90m    |[0m [31m[1m^^^^^^^[0m
[31m[1m>[0m [90m 78 |[0m   [33mBox[0m,
  [90m    |[0m [31m[1m^^^^^^[0m
[31m[1m>[0m [90m 79 |[0m   [33mQuote[0m,
  [90m    |[0m [31m[1m^^^^^^^^[0m
[31m[1m>[0m [90m 80 |[0m   [33mAtSign[0m,
  [90m    |[0m [31m[1m^^^^^^^^^[0m
[31m[1m>[0m [90m 81 |[0m   [33mZap[0m,
  [90m    |[0m [31m[1m^^^^^^[0m
[31m[1m>[0m [90m 82 |[0m   [33mUsers[0m,
  [90m    |[0m [31m[1m^^^^^^^^[0m
[31m[1m>[0m [90m 83 |[0m   [33mBarcode[0m,
  [90m    |[0m [31m[1m^^^^^^^^^^[0m
[31m[1m>[0m [90m 84 |[0m   [33mMessageSquare[0m,
  [90m    |[0m [31m[1m^^^^^^^^^^^^^^^^[0m
[31m[1m>[0m [90m 85 |[0m   [33mPercent[0m,
  [90m    |[0m [31m[1m^^^^^^^^^^[0m
[31m[1m>[0m [90m 86 |[0m   [33mDollarSign[0m,
  [90m    |[0m [31m[1m^^^^^^^^^^^^^[0m
[31m[1m>[0m [90m 87 |[0m   [33mTrendingUp[0m,
  [90m    |[0m [31m[1m^^^^^^^^^^^^^[0m
[31m[1m>[0m [90m 88 |[0m   [33mFlame[0m,
  [90m    |[0m [31m[1m^^^^^^^^[0m
[31m[1m>[0m [90m 89 |[0m   [33mTarget[0m,
  [90m    |[0m [31m[1m^^^^^^^^^[0m
[31m[1m>[0m [90m 90 |[0m   [33mDivide[0m,
  [90m    |[0m [31m[1m^^^^^^^^^[0m
[31m[1m>[0m [90m 91 |[0m   [33mGauge[0m,
  [90m    |[0m [31m[1m^^^^^^^^[0m
[31m[1m>[0m [90m 92 |[0m   [33mHardDrive[0m,
  [90m    |[0m [31m[1m^^^^^^^^^^^^[0m
[31m[1m>[0m [90m 93 |[0m   [33mActivity[0m,
  [90m    |[0m [31m[1m^^^^^^^^^^^[0m
[31m[1m>[0m [90m 94 |[0m   [33mBeaker[0m,
  [90m    |[0m [31m[1m^^^^^^^^^[0m
[31m[1m>[0m [90m 95 |[0m   [33mThermometer[0m,
  [90m    |[0m [31m[1m^^^^^^^^^^^^^^[0m
[31m[1m>[0m [90m 96 |[0m   [33mReceipt[0m,
  [90m    |[0m [31m[1m^^^^^^^^^^[0m
[31m[1m>[0m [90m 97 |[0m   [33mBanknote[0m,
  [90m    |[0m [31m[1m^^^^^^^^^^^[0m
[31m[1m>[0m [90m 98 |[0m   [33mPiggyBank[0m,
  [90m    |[0m [31m[1m^^^^^^^^^^^^[0m
[31m[1m>[0m [90m 99 |[0m   [33mCoins[0m,
  [90m    |[0m [31m[1m^^^^^^^^[0m
[31m[1m>[0m [90m100 |[0m   [33mHeart[0m,
  [90m    |[0m [31m[1m^^^^^^^^[0m
[31m[1m>[0m [90m101 |[0m   [33mBadgePercent[0m,
  [90m    |[0m [31m[1m^^^^^^^^^^^^^^^[0m
[31m[1m>[0m [90m102 |[0m   [33mFileSpreadsheet[0m,
  [90m    |[0m [31m[1m^^^^^^^^^^^^^^^^^^[0m
[31m[1m>[0m [90m103 |[0m
  [90m    |[0m [31m[1m^[0m
[31m[1m>[0m [90m104 |[0m   [33mFileType[0m,
  [90m    |[0m [31m[1m^^^^^^^^^^^[0m
[31m[1m>[0m [90m105 |[0m   [33mFileKey[0m,
  [90m    |[0m [31m[1m^^^^^^^^^^[0m
[31m[1m>[0m [90m106 |[0m   [33mFileSignature[0m,
  [90m    |[0m [31m[1m^^^^^^^^^^^^^^^^[0m
[31m[1m>[0m [90m107 |[0m   [33mFileStack[0m,
  [90m    |[0m [31m[1m^^^^^^^^^^^^[0m
[31m[1m>[0m [90m108 |[0m   [33mFileOutput[0m,
  [90m    |[0m [31m[1m^^^^^^^^^^^^^[0m
[31m[1m>[0m [90m109 |[0m   [33mFileInput[0m,
  [90m    |[0m [31m[1m^^^^^^^^^^^^[0m
[31m[1m>[0m [90m110 |[0m   [33mLayoutList[0m,
  [90m    |[0m [31m[1m^^^^^^^^^^^^^[0m
[31m[1m>[0m [90m111 |[0m
  [90m    |[0m [31m[1m^[0m
[31m[1m>[0m [90m112 |[0m   [33mPenLine[0m,
  [90m    |[0m [31m[1m^^^^^^^^^^[0m
[31m[1m>[0m [90m113 |[0m   [33mHighlighter[0m,
  [90m    |[0m [31m[1m^^^^^^^^^^^^^^[0m
[31m[1m>[0m [90m114 |[0m   [33mMusic[0m,
  [90m    |[0m [31m[1m^^^^^^^^[0m
[31m[1m>[0m [90m115 |[0m   [33mVideo[0m,
  [90m    |[0m [31m[1m^^^^^^^^[0m
[31m[1m>[0m [90m116 |[0m   [33mVolumeX[0m,
  [90m    |[0m [31m[1m^^^^^^^^^^[0m
[31m[1m>[0m [90m117 |[0m   [33mFastForward[0m,
  [90m    |[0m [31m[1m^^^^^^^^^^^^^^[0m
[31m[1m>[0m [90m118 |[0m   [33mRewind[0m,
  [90m    |[0m [31m[1m^^^^^^^^^[0m
[31m[1m>[0m [90m119 |[0m   [33mAudioWaveform[0m,
  [90m    |[0m [31m[1m^^^^^^^^^^^^^^^^[0m
[31m[1m>[0m [90m120 |[0m   [33mDisc[0m,
  [90m    |[0m [31m[1m^^^^^^^[0m
[31m[1m>[0m [90m121 |[0m   [33mMic[0m,
  [90m    |[0m [31m[1m^^^^^^[0m
[31m[1m>[0m [90m122 |[0m   [33mRadio[0m [36mas[0m [33mRadioIcon[0m,
  [90m    |[0m [31m[1m^^^^^^^^^^^^^^^^^^^^^[0m
[31m[1m>[0m [90m123 |[0m
  [90m    |[0m [31m[1m^[0m
[31m[1m>[0m [90m124 |[0m   [33mTimer[0m [36mas[0m [33mTimerIcon[0m,
  [90m    |[0m [31m[1m^^^^^^^^^^^^^^^^^^^^^[0m
[31m[1m>[0m [90m125 |[0m
  [90m    |[0m [31m[1m^[0m
[31m[1m>[0m [90m126 |[0m   [33mPause[0m,
  [90m    |[0m [31m[1m^^^^^^^^[0m
[31m[1m>[0m [90m127 |[0m   [33mRotateCcw[0m,
  [90m    |[0m [31m[1m^^^^^^^^^^^^[0m
[31m[1m>[0m [90m128 |[0m   [33mCoins[0m [36mas[0m [33mDiceIcon[0m,
  [90m    |[0m [31m[1m^^^^^^^^^^^^^^^^^^^^[0m
[31m[1m>[0m [90m129 |[0m   [33mTrophy[0m,
  [90m    |[0m [31m[1m^^^^^^^^^[0m
[31m[1m>[0m [90m130 |[0m   [33mTarget[0m [36mas[0m [33mTargetIcon[0m,
  [90m    |[0m [31m[1m^^^^^^^^^^^^^^^^^^^^^^^[0m
[31m[1m>[0m [90m131 |[0m   [33mGlobe[0m,
  [90m    |[0m [31m[1m^^^^^^^^[0m
[31m[1m>[0m [90m132 |[0m   [33mCheckSquare[0m,
  [90m    |[0m [31m[1m^^^^^^^^^^^^^^[0m
[31m[1m>[0m [90m133 |[0m   [33mListTodo[0m,
  [90m    |[0m [31m[1m^^^^^^^^^^^[0m
[31m[1m>[0m [90m134 |[0m   [33mReceipt[0m [36mas[0m [33mReceiptIcon[0m,
  [90m    |[0m [31m[1m^^^^^^^^^^^^^^^^^^^^^^^^^[0m
[31m[1m>[0m [90m135 |[0m   [33mFlame[0m [36mas[0m [33mFlameIcon[0m,
  [90m    |[0m [31m[1m^^^^^^^^^^^^^^^^^^^^^[0m
[31m[1m>[0m [90m136 |[0m   [33mDroplet[0m,
  [90m    |[0m [31m[1m^^^^^^^^^^[0m
[31m[1m>[0m [90m137 |[0m   [33mPipette[0m,
  [90m    |[0m [31m[1m^^^^^^^^^^[0m
[31m[1m>[0m [90m138 |[0m   [33mBlend[0m,
  [90m    |[0m [31m[1m^^^^^^^^[0m
[31m[1m>[0m [90m139 |[0m   [33mSun[0m [36mas[0m [33mSunIcon[0m,
  [90m    |[0m [31m[1m^^^^^^^^^^^^^^^^^[0m
[31m[1m>[0m [90m140 |[0m   [33mCircle[0m [36mas[0m [33mCircleIcon[0m,
  [90m    |[0m [31m[1m^^^^^^^^^^^^^^^^^^^^^^^[0m
[31m[1m>[0m [90m141 |[0m   [33mTag[0m,
  [90m    |[0m [31m[1m^^^^^^[0m
[31m[1m>[0m [90m142 |[0m   [33mEye[0m [36mas[0m [33mEyeIcon[0m,
  [90m    |[0m [31m[1m^^^^^^^^^^^^^^^^^[0m
[31m[1m>[0m [90m143 |[0m   [33mType[0m [36mas[0m [33mTypeIcon[0m,
  [90m    |[0m [31m[1m^^^^^^^^^^^^^^^^^^^[0m
[31m[1m>[0m [90m144 |[0m   [33mAlignCenter[0m,
  [90m    |[0m [31m[1m^^^^^^^^^^^^^^[0m
[31m[1m>[0m [90m145 |[0m   [33mArrowDown[0m,
  [90m    |[0m [31m[1m^^^^^^^^^^^^[0m
[31m[1m>[0m [90m146 |[0m   [33mBarChart2[0m,
  [90m    |[0m [31m[1m^^^^^^^^^^^^[0m
[31m[1m>[0m [90m147 |[0m   [33mBookOpen[0m,
  [90m    |[0m [31m[1m^^^^^^^^^^^[0m
[31m[1m>[0m [90m148 |[0m   [33mCheck[0m,
  [90m    |[0m [31m[1m^^^^^^^^[0m
[31m[1m>[0m [90m149 |[0m   [33mCopy[0m,
  [90m    |[0m [31m[1m^^^^^^^[0m
[31m[1m>[0m [90m150 |[0m   [33mScissors[0m,
  [90m    |[0m [31m[1m^^^^^^^^^^^[0m
[31m[1m>[0m [90m151 |[0m   [33mPlay[0m,
  [90m    |[0m [31m[1m^^^^^^^[0m
[31m[1m>[0m [90m152 |[0m   [33mFileSearch[0m,
  [90m    |[0m [31m[1m^^^^^^^^^^^^^[0m
[31m[1m>[0m [90m153 |[0m   [33mGitCompare[0m,
  [90m    |[0m [31m[1m^^^^^^^^^^^^^[0m
[31m[1m>[0m [90m154 |[0m   [33mListOrdered[0m,
  [90m    |[0m [31m[1m^^^^^^^^^^^^^^[0m
[31m[1m>[0m [90m155 |[0m   [33mMoveHorizontal[0m,
  [90m    |[0m [31m[1m^^^^^^^^^^^^^^^^^[0m
[31m[1m>[0m [90m156 |[0m
  [90m    |[0m [31m[1m^[0m
[31m[1m>[0m [90m157 |[0m
  [90m    |[0m [31m[1m^[0m
[31m[1m>[0m [90m158 |[0m   [33mSearch[0m,
  [90m    |[0m [31m[1m^^^^^^^^^[0m
[31m[1m>[0m [90m159 |[0m   [33mSliders[0m,
  [90m    |[0m [31m[1m^^^^^^^^^^[0m
[31m[1m>[0m [90m160 |[0m   [33mTerminal[0m,
  [90m    |[0m [31m[1m^^^^^^^^^^^[0m
[31m[1m>[0m [90m161 |[0m   [33mGitBranch[0m,
  [90m    |[0m [31m[1m^^^^^^^^^^^^[0m
[31m[1m>[0m [90m162 |[0m   [33mStar[0m,
  [90m    |[0m [31m[1m^^^^^^^[0m
[31m[1m>[0m [90m163 |[0m   [33mBriefcase[0m,
  [90m    |[0m [31m[1m^^^^^^^^^^^^[0m
[31m[1m>[0m [90m164 |[0m   [33mBuilding2[0m,
  [90m    |[0m [31m[1m^^^^^^^^^^^^[0m
[31m[1m>[0m [90m165 |[0m   [33mShield[0m,
  [90m    |[0m [31m[1m^^^^^^^^^[0m
[31m[1m>[0m [90m166 |[0m   [33mGift[0m,
  [90m    |[0m [31m[1m^^^^^^^[0m
[31m[1m>[0m [90m167 |[0m   [33mFocus[0m,
  [90m    |[0m [31m[1m^^^^^^^^[0m
[31m[1m>[0m [90m168 |[0m   [33mPaintbrush2[0m,
  [90m    |[0m [31m[1m^^^^^^^^^^^^^^[0m
[31m[1m>[0m [90m169 |[0m   [33mAperture[0m,
  [90m    |[0m [31m[1m^^^^^^^^^^^[0m
[31m[1m>[0m [90m170 |[0m   [33mWand2[0m,
  [90m    |[0m [31m[1m^^^^^^^^[0m
[31m[1m>[0m [90m171 |[0m   [33mCalendarClock[0m,
  [90m    |[0m [31m[1m^^^^^^^^^^^^^^^^[0m
[31m[1m>[0m [90m172 |[0m   [33mPawPrint[0m,
  [90m    |[0m [31m[1m^^^^^^^^^^^[0m
[31m[1m>[0m [90m173 |[0m   [33mSmartphone[0m,
  [90m    |[0m [31m[1m^^^^^^^^^^^^^[0m
[31m[1m>[0m [90m174 |[0m   [33mIdCard[0m,
  [90m    |[0m [31m[1m^^^^^^^^^[0m
[31m[1m>[0m [90m175 |[0m   [33mCreditCard[0m,
  [90m    |[0m [31m[1m^^^^^^^^^^^^^[0m
[31m[1m>[0m [90m176 |[0m   [33mCar[0m,
  [90m    |[0m [31m[1m^^^^^^[0m
[31m[1m>[0m [90m177 |[0m   [33mServer[0m,
  [90m    |[0m [31m[1m^^^^^^^^^[0m
[31m[1m>[0m [90m178 |[0m   [33mCode[0m,
  [90m    |[0m [31m[1m^^^^^^^[0m
[31m[1m>[0m [90m179 |[0m   [33mFile[0m,
  [90m    |[0m [31m[1m^^^^^^^[0m
[31m[1m>[0m [90m180 |[0m   [33mCalendar[0m,
  [90m    |[0m [31m[1m^^^^^^^^^^^[0m
[31m[1m>[0m [90m181 |[0m   [33mShirt[0m,
  [90m    |[0m [31m[1m^^^^^^^^[0m
[31m[1m>[0m [90m182 |[0m   [33mFlag[0m,
  [90m    |[0m [31m[1m^^^^^^^[0m
[31m[1m>[0m [90m183 |[0m   [33mCrown[0m,
  [90m    |[0m [31m[1m^^^^^^^^[0m
[31m[1m>[0m [90m184 |[0m   [33mAtom[0m,
  [90m    |[0m [31m[1m^^^^^^^[0m
[31m[1m>[0m [90m185 |[0m   [33mBookMarked[0m,
  [90m    |[0m [31m[1m^^^^^^^^^^^^^[0m
[31m[1m>[0m [90m186 |[0m   [33mMessageCircle[0m,
  [90m    |[0m [31m[1m^^^^^^^^^^^^^^^^[0m
[31m[1m>[0m [90m187 |[0m   [33mTable[0m,
  [90m    |[0m [31m[1m^^^^^^^^[0m
[31m[1m>[0m [90m188 |[0m   [33mFunctionSquare[0m,
  [90m    |[0m [31m[1m^^^^^^^^^^^^^^^^^[0m
[31m[1m>[0m [90m189 |[0m   [33mShapes[0m,
  [90m    |[0m [31m[1m^^^^^^^^^[0m
[31m[1m>[0m [90m190 |[0m   [33mPen[0m,
  [90m    |[0m [31m[1m^^^^^^[0m
[31m[1m>[0m [90m191 |[0m   [33mDiagram[0m,
  [90m    |[0m [31m[1m^^^^^^^^^^[0m
[31m[1m>[0m [90m192 |[0m   [33mNetwork[0m,
  [90m    |[0m [31m[1m^^^^^^^^^^[0m
[31m[1m>[0m [90m193 |[0m   [33mClipboardList[0m,
  [90m    |[0m [31m[1m^^^^^^^^^^^^^^^^[0m
[31m[1m>[0m [90m194 |[0m   [33mLayoutGrid[0m,
  [90m    |[0m [31m[1m^^^^^^^^^^^^^[0m
[31m[1m>[0m [90m195 |[0m   [33mInfo[0m,
  [90m    |[0m [31m[1m^^^^^^^[0m
[31m[1m>[0m [90m196 |[0m   [33mCamera[0m,
  [90m    |[0m [31m[1m^^^^^^^^^[0m
[31m[1m>[0m [90m197 |[0m   [33mPipette[0m,
  [90m    |[0m [31m[1m^^^^^^^^^^[0m
[31m[1m>[0m [90m198 |[0m   [33mCircleDot[0m,
  [90m    |[0m [31m[1m^^^^^^^^^^^^[0m
[31m[1m>[0m [90m199 |[0m   [33mPresentation[0m,
  [90m    |[0m [31m[1m^^^^^^^^^^^^^^^[0m
[31m[1m>[0m [90m200 |[0m   [33mBook[0m,
  [90m    |[0m [31m[1m^^^^^^^[0m
[31m[1m>[0m [90m201 |[0m   [33mAlignVerticalSpaceAround[0m,
  [90m    |[0m [31m[1m^^^^^^^^^^^^^^^^^^^^^^^^^^^[0m
[31m[1m>[0m [90m202 |[0m   [33mFileSplit[0m,
  [90m    |[0m [31m[1m^^^^^^^^^^^^[0m
[31m[1m>[0m [90m203 |[0m   [33mFileArchive[0m,
  [90m    |[0m [31m[1m^^^^^^^^^^^^^^[0m
[31m[1m>[0m [90m204 |[0m   [33mWrench[0m,
  [90m    |[0m [31m[1m^^^^^^^^^[0m
[31m[1m>[0m [90m205 |[0m   [33mList[0m,
  [90m    |[0m [31m[1m^^^^^^^[0m
[31m[1m>[0m [90m206 |[0m   [33mImages[0m,
  [90m    |[0m [31m[1m^^^^^^^^^[0m
[31m[1m>[0m [90m207 |[0m   [33mWifi[0m,
  [90m    |[0m [31m[1m^^^^^^^[0m
[31m[1m>[0m [90m208 |[0m   [33mKey[0m,
  [90m    |[0m [31m[1m^^^^^^[0m
[31m[1m>[0m [90m209 |[0m   [33mGraphQl[0m,
  [90m    |[0m [31m[1m^^^^^^^^^^[0m
[31m[1m>[0m [90m210 |[0m   [33mCoffee[0m,
  [90m    |[0m [31m[1m^^^^^^^^^[0m
[31m[1m>[0m [90m211 |[0m   [33mPython[0m,
  [90m    |[0m [31m[1m^^^^^^^^^[0m
[31m[1m>[0m [90m212 |[0m   [33mFilter[0m,
  [90m    |[0m [31m[1m^^^^^^^^^[0m
[31m[1m>[0m [90m213 |[0m   [33mLineChart[0m,
  [90m    |[0m [31m[1m^^^^^^^^^^^^[0m
[31m[1m>[0m [90m214 |[0m   [33mClock4[0m,
  [90m    |[0m [31m[1m^^^^^^^^^[0m
[31m[1m>[0m [90m215 |[0m   [33mFiles[0m,
  [90m    |[0m [31m[1m^^^^^^^^[0m
[31m[1m>[0m [90m216 |[0m   [33mTags[0m,
  [90m    |[0m [31m[1m^^^^^^^[0m
[31m[1m>[0m [90m217 |[0m   [33mUnlink[0m,
  [90m    |[0m [31m[1m^^^^^^^^^[0m
[31m[1m>[0m [90m218 |[0m   [33mBackslash[0m,
  [90m    |[0m [31m[1m^^^^^^^^^^^^[0m
[31m[1m>[0m [90m219 |[0m   [33mHeading[0m,
  [90m    |[0m [31m[1m^^^^^^^^^^[0m
[31m[1m>[0m [90m220 |[0m   [33mSunMoon[0m,
  [90m    |[0m [31m[1m^^^^^^^^^^[0m
[31m[1m>[0m [90m221 |[0m   [33mWaves[0m,
  [90m    |[0m [31m[1m^^^^^^^^[0m
[31m[1m>[0m [90m222 |[0m   [33mEdit[0m,
  [90m    |[0m [31m[1m^^^^^^^[0m
[31m[1m>[0m [90m223 |[0m   [33mMousePointer[0m,
  [90m    |[0m [31m[1m^^^^^^^^^^^^^^^[0m
[31m[1m>[0m [90m224 |[0m   [33mUserPlus[0m,
  [90m    |[0m [31m[1m^^^^^^^^^^^[0m
[31m[1m>[0m [90m225 |[0m   [33mDices[0m,
  [90m    |[0m [31m[1m^^^^^^^^[0m
[31m[1m>[0m [90m226 |[0m   [33mUtensils[0m,
  [90m    |[0m [31m[1m^^^^^^^^^^^[0m
[31m[1m>[0m [90m227 |[0m   [33mWheel[0m,
  [90m    |[0m [31m[1m^^^^^^^^[0m
[31m[1m>[0m [90m228 |[0m   [33mCheckCircle2[0m,
  [90m    |[0m [31m[1m^^^^^^^^^^^^^^^[0m
[31m[1m>[0m [90m229 |[0m   [33mMusic2[0m,
  [90m    |[0m [31m[1m^^^^^^^^^[0m
[31m[1m>[0m [90m230 |[0m   [33mSubtitles[0m,
  [90m    |[0m [31m[1m^^^^^^^^^^^^[0m
[31m[1m>[0m [90m231 |[0m   [33mDrum[0m,
  [90m    |[0m [31m[1m^^^^^^^[0m
[31m[1m>[0m [90m232 |[0m   [33mGuitar[0m,
  [90m    |[0m [31m[1m^^^^^^^^^[0m
[31m[1m>[0m [90m233 |[0m   [33mPhone[0m,
  [90m    |[0m [31m[1m^^^^^^^^[0m
[31m[1m>[0m [90m234 |[0m   [33mKeyboard[0m,
  [90m    |[0m [31m[1m^^^^^^^^^^^[0m
[31m[1m>[0m [90m235 |[0m   [33mUtensilsCrossed[0m,
  [90m    |[0m [31m[1m^^^^^^^^^^^^^^^^^^[0m
[31m[1m>[0m [90m236 |[0m   [33mScroll[0m,
  [90m    |[0m [31m[1m^^^^^^^^^[0m
[31m[1m>[0m [90m237 |[0m   [33mCloudSun[0m,
  [90m    |[0m [31m[1m^^^^^^^^^^^[0m
[31m[1m>[0m [90m238 |[0m   [33mPackage[0m,
  [90m    |[0m [31m[1m^^^^^^^^^^[0m
[31m[1m>[0m [90m239 |[0m   [33mPlane[0m,
  [90m    |[0m [31m[1m^^^^^^^^[0m
[31m[1m>[0m [90m240 |[0m   [33mTrain[0m,
  [90m    |[0m [31m[1m^^^^^^^^[0m
[31m[1m>[0m [90m241 |[0m   [33mGrid3x3[0m,
  [90m    |[0m [31m[1m^^^^^^^^^^[0m
[31m[1m>[0m [90m242 |[0m   [33mSigma[0m,
  [90m    |[0m [31m[1m^^^^^^^^[0m
[31m[1m>[0m [90m243 |[0m   [33mLightbulb[0m,
  [90m    |[0m [31m[1m^^^^^^^^^^^^[0m
[31m[1m>[0m [90m244 |[0m   [33mFlaskConical[0m,
  [90m    |[0m [31m[1m^^^^^^^^^^^^^^^[0m
[31m[1m>[0m [90m245 |[0m   [33mPenTool[0m,
  [90m    |[0m [31m[1m^^^^^^^^^^[0m
[31m[1m>[0m [90m246 |[0m   [33mScrollText[0m,
  [90m    |[0m [31m[1m^^^^^^^^^^^^^[0m
[31m[1m>[0m [90m247 |[0m   [33mMap[0m,
  [90m    |[0m [31m[1m^^^^^^[0m
[31m[1m>[0m [90m248 |[0m   [33mLandmark[0m,
  [90m    |[0m [31m[1m^^^^^^^^^^^[0m
[31m[1m>[0m [90m249 |[0m   [33mHeadphones[0m,
  [90m    |[0m [31m[1m^^^^^^^^^^^^^[0m
[31m[1m>[0m [90m250 |[0m   [33mBrain[0m,
  [90m    |[0m [31m[1m^^^^^^^^[0m
[31m[1m>[0m [90m251 |[0m   [33mFileCheck[0m,
  [90m    |[0m [31m[1m^^^^^^^^^^^^[0m
[31m[1m>[0m [90m252 |[0m   [33mFileQuestion[0m,
  [90m    |[0m [31m[1m^^^^^^^^^^^^^^^[0m
[31m[1m>[0m [90m253 |[0m   [33mFlaskRound[0m,
  [90m    |[0m [31m[1m^^^^^^^^^^^^^[0m
[31m[1m>[0m [90m254 |[0m   [33mPuzzle[0m,
  [90m    |[0m [31m[1m^^^^^^^^^[0m
[31m[1m>[0m [90m255 |[0m   [33mPieChart[0m,
  [90m    |[0m [31m[1m^^^^^^^^^^^[0m
[31m[1m>[0m [90m256 |[0m   [33mArrowDownRight[0m,
  [90m    |[0m [31m[1m^^^^^^^^^^^^^^^^^[0m
[31m[1m>[0m [90m257 |[0m   [33mRefreshCw[0m,
  [90m    |[0m [31m[1m^^^^^^^^^^^^[0m
[31m[1m>[0m [90m258 |[0m   [33mShieldCheck[0m,
  [90m    |[0m [31m[1m^^^^^^^^^^^^^^[0m
[31m[1m>[0m [90m259 |[0m   [33mGraduationCap[0m,
  [90m    |[0m [31m[1m^^^^^^^^^^^^^^^^[0m
[31m[1m>[0m [90m260 |[0m   [33mRocket[0m,
  [90m    |[0m [31m[1m^^^^^^^^^[0m
[31m[1m>[0m [90m261 |[0m   [33mDumbbell[0m,
  [90m    |[0m [31m[1m^^^^^^^^^^^[0m
[31m[1m>[0m [90m262 |[0m   [33mMoon[0m,
  [90m    |[0m [31m[1m^^^^^^^[0m
[31m[1m>[0m [90m263 |[0m   [33mCalendarHeart[0m,
  [90m    |[0m [31m[1m^^^^^^^^^^^^^^^^[0m
[31m[1m>[0m [90m264 |[0m   [33mPersonStanding[0m,
  [90m    |[0m [31m[1m^^^^^^^^^^^^^^^^^[0m
[31m[1m>[0m [90m265 |[0m   [33mHeartPulse[0m,
  [90m    |[0m [31m[1m^^^^^^^^^^^^^[0m
[31m[1m>[0m [90m266 |[0m   [33mFlower2[0m,
  [90m    |[0m [31m[1m^^^^^^^^^^[0m
[31m[1m>[0m [90m267 |[0m   [33mSystole[0m,
  [90m    |[0m [31m[1m^^^^^^^^^^[0m
[31m[1m>[0m [90m268 |[0m   [33mTestTube[0m,
  [90m    |[0m [31m[1m^^^^^^^^^^^[0m
[31m[1m>[0m [90m269 |[0m   [33mPill[0m,
  [90m    |[0m [31m[1m^^^^^^^[0m
[31m[1m>[0m [90m270 |[0m   [33mFootprints[0m,
  [90m    |[0m [31m[1m^^^^^^^^^^^^^[0m
[31m[1m>[0m [90m271 |[0m   [33mGlasses[0m,
  [90m    |[0m [31m[1m^^^^^^^^^^[0m
[31m[1m>[0m [90m272 |[0m   [33mFlower[0m,
  [90m    |[0m [31m[1m^^^^^^^^^[0m
[31m[1m>[0m [90m273 |[0m   [33mFirstAid[0m,
  [90m    |[0m [31m[1m^^^^^^^^^^^[0m
[31m[1m>[0m [90m274 |[0m   [33mPlug[0m,
  [90m    |[0m [31m[1m^^^^^^^[0m
[31m[1m>[0m [90m275 |[0m   [33mLink2[0m,
  [90m    |[0m [31m[1m^^^^^^^^[0m
[31m[1m>[0m [90m276 |[0m   [33mPaintBucket[0m,
  [90m    |[0m [31m[1m^^^^^^^^^^^^^^[0m
[31m[1m>[0m [90m277 |[0m   [33mAppWindow[0m,
  [90m    |[0m [31m[1m^^^^^^^^^^^^[0m
[31m[1m>[0m [90m278 |[0m   [33mColumns2[0m,
  [90m    |[0m [31m[1m^^^^^^^^^^^[0m
[31m[1m>[0m [90m279 |[0m   [33mCake[0m,
  [90m    |[0m [31m[1m^^^^^^^[0m
[31m[1m>[0m [90m280 |[0m   [33mTriangle[0m,
  [90m    |[0m [31m[1m^^^^^^^^^^^[0m
[31m[1m>[0m [90m281 |[0m   [33mGlassWater[0m,
  [90m    |[0m [31m[1m^^^^^^^^^^^^^[0m
[31m[1m>[0m [90m282 |[0m   [33mCalendarCheck[0m,
  [90m    |[0m [31m[1m^^^^^^^^^^^^^^^^[0m
[31m[1m>[0m [90m283 |[0m   [33mShoppingCart[0m,
  [90m    |[0m [31m[1m^^^^^^^^^^^^^^^[0m
[31m[1m>[0m [90m284 |[0m   [33mChefHat[0m,
  [90m    |[0m [31m[1m^^^^^^^^^^[0m
[31m[1m>[0m [90m285 |[0m   [33mAward[0m,
  [90m    |[0m [31m[1m^^^^^^^^[0m
[31m[1m>[0m [90m286 |[0m   [33mBackpack[0m,
  [90m    |[0m [31m[1m^^^^^^^^^^^[0m
[31m[1m>[0m [90m287 |[0m   [33mMegaphone[0m,
  [90m    |[0m [31m[1m^^^^^^^^^^^^[0m
[31m[1m>[0m [90m288 |[0m   [33mMailPlus[0m,
  [90m    |[0m [31m[1m^^^^^^^^^^^[0m
[31m[1m>[0m [90m289 |[0m   [33mFeather[0m,
  [90m    |[0m [31m[1m^^^^^^^^^^[0m
[31m[1m>[0m [90m290 |[0m   [33mSlidersHorizontal[0m,
  [90m    |[0m [31m[1m^^^^^^^^^^^^^^^^^^^^[0m
[31m[1m>[0m [90m291 |[0m   [33mSettings[0m,
  [90m    |[0m [31m[1m^^^^^^^^^^^[0m
[31m[1m>[0m [90m292 |[0m   [33mComponent[0m,
  [90m    |[0m [31m[1m^^^^^^^^^^^^[0m
[31m[1m>[0m [90m293 |[0m   [33mArchive[0m,
  [90m    |[0m [31m[1m^^^^^^^^^^[0m
[31m[1m>[0m [90m294 |[0m } [36mfrom[0m [32m"lucide-react"[0m;
  [90m    |[0m [31m[1m^^^^^^^^^^^^^^^^^^^[0m
  [90m295 |[0m
  [90m296 |[0m [36mexport[0m [36minterface[0m [33mTool[0m {
  [90m297 |[0m   id: string;

The export Systole was not found in module [project]/node_modules/lucide-react/dist/esm/lucide-react.mjs [app-route] (e
cmascript).
Did you mean to import Store?
All exports of the module are statically known (It doesn't have dynamic exports). So it's known statically that the req
uested export doesn't exist.

Import traces:
  Server Component:
    ./src/lib/tools.ts
    ./src/app/tag/[slug]/page.tsx

  App Route:
    ./src/lib/tools.ts
    ./src/app/sitemap.ts
    ./src/app/sitemap--route-entry.js

  Client Component Browser:
    ./src/lib/tools.ts [Client Component Browser]
    ./src/components/ToolLayout.tsx [Client Component Browser]
    ./src/app/tools/json-to-java-class/page.tsx [Client Component Browser]
    ./src/app/tools/json-to-java-class/page.tsx [Server Component]

  Client Component SSR:
    ./src/lib/tools.ts [Client Component SSR]
    ./src/components/ToolLayout.tsx [Client Component SSR]
    ./src/app/tools/json-to-java-class/page.tsx [Client Component SSR]
    ./src/app/tools/json-to-java-class/page.tsx [Server Component]


./src/lib/tools.ts:1:1
Export Systole doesn't exist in target module
[31m[1m>[0m [90m  1 |[0m ﻿[36mimport[0m {
  [90m    |[0m [31m[1m^^^^^^^[0m
[31m[1m>[0m [90m  2 |[0m   [33mBraces[0m,
  [90m    |[0m [31m[1m^^^^^^^^^[0m
[31m[1m>[0m [90m  3 |[0m   [33mBinary[0m,
  [90m    |[0m [31m[1m^^^^^^^^^[0m
[31m[1m>[0m [90m  4 |[0m   [33mLink[0m,
  [90m    |[0m [31m[1m^^^^^^^[0m
[31m[1m>[0m [90m  5 |[0m   [33mRegex[0m,
  [90m    |[0m [31m[1m^^^^^^^^[0m
[31m[1m>[0m [90m  6 |[0m   [33mFingerprint[0m,
  [90m    |[0m [31m[1m^^^^^^^^^^^^^^[0m
[31m[1m>[0m [90m  7 |[0m   [33mClock[0m,
  [90m    |[0m [31m[1m^^^^^^^^[0m
[31m[1m>[0m [90m  8 |[0m   [33mPalette[0m,
  [90m    |[0m [31m[1m^^^^^^^^^^[0m
[31m[1m>[0m [90m  9 |[0m   [33mFileText[0m,
  [90m    |[0m [31m[1m^^^^^^^^^^^[0m
[31m[1m>[0m [90m 10 |[0m   [33mQrCode[0m,
  [90m    |[0m [31m[1m^^^^^^^^^[0m
[31m[1m>[0m [90m 11 |[0m   [33mKeyRound[0m,
  [90m    |[0m [31m[1m^^^^^^^^^^^[0m
[31m[1m>[0m [90m 12 |[0m   [33mHash[0m,
  [90m    |[0m [31m[1m^^^^^^^[0m
[31m[1m>[0m [90m 13 |[0m   [33mCalculator[0m,
  [90m    |[0m [31m[1m^^^^^^^^^^^^^[0m
[31m[1m>[0m [90m 14 |[0m   [33mHome[0m,
  [90m    |[0m [31m[1m^^^^^^^[0m
[31m[1m>[0m [90m 15 |[0m   [33mWallet[0m,
  [90m    |[0m [31m[1m^^^^^^^^^[0m
[31m[1m>[0m [90m 16 |[0m   [33mScale[0m,
  [90m    |[0m [31m[1m^^^^^^^^[0m
[31m[1m>[0m [90m 17 |[0m   [33mBaby[0m,
  [90m    |[0m [31m[1m^^^^^^^[0m
[31m[1m>[0m [90m 18 |[0m   [33mRuler[0m,
  [90m    |[0m [31m[1m^^^^^^^^[0m
[31m[1m>[0m [90m 19 |[0m   [33mType[0m,
  [90m    |[0m [31m[1m^^^^^^^[0m
[31m[1m>[0m [90m 20 |[0m   [33mArrowUpDown[0m,
  [90m    |[0m [31m[1m^^^^^^^^^^^^^^[0m
[31m[1m>[0m [90m 21 |[0m   [33mTrash2[0m,
  [90m    |[0m [31m[1m^^^^^^^^^[0m
[31m[1m>[0m [90m 22 |[0m   [33mShuffle[0m,
  [90m    |[0m [31m[1m^^^^^^^^^^[0m
[31m[1m>[0m [90m 23 |[0m   [33mTicket[0m,
  [90m    |[0m [31m[1m^^^^^^^^^[0m
[31m[1m>[0m [90m 24 |[0m   [33mImage[0m,
  [90m    |[0m [31m[1m^^^^^^^^[0m
[31m[1m>[0m [90m 25 |[0m   [33mImageDown[0m,
  [90m    |[0m [31m[1m^^^^^^^^^^^^[0m
[31m[1m>[0m [90m 26 |[0m   [33mImagePlus[0m,
  [90m    |[0m [31m[1m^^^^^^^^^^^^[0m
[31m[1m>[0m [90m 27 |[0m   [33mFileImage[0m,
  [90m    |[0m [31m[1m^^^^^^^^^^^^[0m
[31m[1m>[0m [90m 28 |[0m   [33mUser[0m,
  [90m    |[0m [31m[1m^^^^^^^[0m
[31m[1m>[0m [90m 29 |[0m   [33mDroplets[0m,
  [90m    |[0m [31m[1m^^^^^^^^^^^[0m
[31m[1m>[0m [90m 30 |[0m   [33mRepeat[0m,
  [90m    |[0m [31m[1m^^^^^^^^^[0m
[31m[1m>[0m [90m 31 |[0m   [33mTimer[0m,
  [90m    |[0m [31m[1m^^^^^^^^[0m
[31m[1m>[0m [90m 32 |[0m   [33mCalendarDays[0m,
  [90m    |[0m [31m[1m^^^^^^^^^^^^^^^[0m
[31m[1m>[0m [90m 33 |[0m   [33mWallet[0m [36mas[0m [33mWalletIcon[0m,
  [90m    |[0m [31m[1m^^^^^^^^^^^^^^^^^^^^^^^[0m
[31m[1m>[0m [90m 34 |[0m   [33mFileDiff[0m,
  [90m    |[0m [31m[1m^^^^^^^^^^^[0m
[31m[1m>[0m [90m 35 |[0m   [33mTable2[0m,
  [90m    |[0m [31m[1m^^^^^^^^^[0m
[31m[1m>[0m [90m 36 |[0m   [33mLanguages[0m,
  [90m    |[0m [31m[1m^^^^^^^^^^^^[0m
[31m[1m>[0m [90m 37 |[0m   [33mGrid3X3[0m,
  [90m    |[0m [31m[1m^^^^^^^^^^[0m
[31m[1m>[0m [90m 38 |[0m   [33mCode2[0m,
  [90m    |[0m [31m[1m^^^^^^^^[0m
[31m[1m>[0m [90m 39 |[0m   [33mFileCode[0m,
  [90m    |[0m [31m[1m^^^^^^^^^^^[0m
[31m[1m>[0m [90m 40 |[0m   [33mScanLine[0m,
  [90m    |[0m [31m[1m^^^^^^^^^^^[0m
[31m[1m>[0m [90m 41 |[0m   [33mAlignLeft[0m,
  [90m    |[0m [31m[1m^^^^^^^^^^^^[0m
[31m[1m>[0m [90m 42 |[0m   [33mContact[0m,
  [90m    |[0m [31m[1m^^^^^^^^^^[0m
[31m[1m>[0m [90m 43 |[0m   [33mCrop[0m,
  [90m    |[0m [31m[1m^^^^^^^[0m
[31m[1m>[0m [90m 44 |[0m   [33mRotateCw[0m,
  [90m    |[0m [31m[1m^^^^^^^^^^^[0m
[31m[1m>[0m [90m 45 |[0m   [33mMaximize2[0m,
  [90m    |[0m [31m[1m^^^^^^^^^^^^[0m
[31m[1m>[0m [90m 46 |[0m   [33mSparkles[0m,
  [90m    |[0m [31m[1m^^^^^^^^^^^[0m
[31m[1m>[0m [90m 47 |[0m   [33mLayers[0m,
  [90m    |[0m [31m[1m^^^^^^^^^[0m
[31m[1m>[0m [90m 48 |[0m   [33mGrid2x2[0m,
  [90m    |[0m [31m[1m^^^^^^^^^^[0m
[31m[1m>[0m [90m 49 |[0m   [33mMonitor[0m,
  [90m    |[0m [31m[1m^^^^^^^^^^[0m
[31m[1m>[0m [90m 50 |[0m   [33mSmile[0m,
  [90m    |[0m [31m[1m^^^^^^^^[0m
[31m[1m>[0m [90m 51 |[0m   [33mFileDown[0m,
  [90m    |[0m [31m[1m^^^^^^^^^^^[0m
[31m[1m>[0m [90m 52 |[0m   [33mCombine[0m,
  [90m    |[0m [31m[1m^^^^^^^^^^[0m
[31m[1m>[0m [90m 53 |[0m   [33mVolume2[0m,
  [90m    |[0m [31m[1m^^^^^^^^^^[0m
[31m[1m>[0m [90m 54 |[0m   [33mEraser[0m,
  [90m    |[0m [31m[1m^^^^^^^^^[0m
[31m[1m>[0m [90m 55 |[0m   [33mFilm[0m,
  [90m    |[0m [31m[1m^^^^^^^[0m
[31m[1m>[0m [90m 56 |[0m   [33mCircle[0m,
  [90m    |[0m [31m[1m^^^^^^^^^[0m
[31m[1m>[0m [90m 57 |[0m   [33mCheckCircle[0m,
  [90m    |[0m [31m[1m^^^^^^^^^^^^^^[0m
[31m[1m>[0m [90m 58 |[0m   [33mArrowLeftRight[0m,
  [90m    |[0m [31m[1m^^^^^^^^^^^^^^^^^[0m
[31m[1m>[0m [90m 59 |[0m   [33mReplace[0m,
  [90m    |[0m [31m[1m^^^^^^^^^^[0m
[31m[1m>[0m [90m 60 |[0m   [33mDatabase[0m,
  [90m    |[0m [31m[1m^^^^^^^^^^^[0m
[31m[1m>[0m [90m 61 |[0m   [33mMinimize2[0m,
  [90m    |[0m [31m[1m^^^^^^^^^^^^[0m
[31m[1m>[0m [90m 62 |[0m   [33mFileJson[0m,
  [90m    |[0m [31m[1m^^^^^^^^^^^[0m
[31m[1m>[0m [90m 63 |[0m   [33mArrowRightLeft[0m,
  [90m    |[0m [31m[1m^^^^^^^^^^^^^^^^^[0m
[31m[1m>[0m [90m 64 |[0m   [33mDownload[0m,
  [90m    |[0m [31m[1m^^^^^^^^^^^[0m
[31m[1m>[0m [90m 65 |[0m   [33mTrash[0m,
  [90m    |[0m [31m[1m^^^^^^^^[0m
[31m[1m>[0m [90m 66 |[0m   [33mFlipHorizontal[0m,
  [90m    |[0m [31m[1m^^^^^^^^^^^^^^^^^[0m
[31m[1m>[0m [90m 67 |[0m   [33mFlipVertical[0m,
  [90m    |[0m [31m[1m^^^^^^^^^^^^^^^[0m
[31m[1m>[0m [90m 68 |[0m   [33mSun[0m,
  [90m    |[0m [31m[1m^^^^^^[0m
[31m[1m>[0m [90m 69 |[0m   [33mSquare[0m,
  [90m    |[0m [31m[1m^^^^^^^^^[0m
[31m[1m>[0m [90m 70 |[0m   [33mContrast[0m,
  [90m    |[0m [31m[1m^^^^^^^^^^^[0m
[31m[1m>[0m [90m 71 |[0m   [33mMinus[0m,
  [90m    |[0m [31m[1m^^^^^^^^[0m
[31m[1m>[0m [90m 72 |[0m   [33mLock[0m,
  [90m    |[0m [31m[1m^^^^^^^[0m
[31m[1m>[0m [90m 73 |[0m   [33mUnlock[0m,
  [90m    |[0m [31m[1m^^^^^^^^^[0m
[31m[1m>[0m [90m 74 |[0m   [33mMail[0m,
  [90m    |[0m [31m[1m^^^^^^^[0m
[31m[1m>[0m [90m 75 |[0m   [33mRadio[0m,
  [90m    |[0m [31m[1m^^^^^^^^[0m
[31m[1m>[0m [90m 76 |[0m   [33mPaintbrush[0m,
  [90m    |[0m [31m[1m^^^^^^^^^^^^^[0m
[31m[1m>[0m [90m 77 |[0m   [33mWind[0m,
  [90m    |[0m [31m[1m^^^^^^^[0m
[31m[1m>[0m [90m 78 |[0m   [33mBox[0m,
  [90m    |[0m [31m[1m^^^^^^[0m
[31m[1m>[0m [90m 79 |[0m   [33mQuote[0m,
  [90m    |[0m [31m[1m^^^^^^^^[0m
[31m[1m>[0m [90m 80 |[0m   [33mAtSign[0m,
  [90m    |[0m [31m[1m^^^^^^^^^[0m
[31m[1m>[0m [90m 81 |[0m   [33mZap[0m,
  [90m    |[0m [31m[1m^^^^^^[0m
[31m[1m>[0m [90m 82 |[0m   [33mUsers[0m,
  [90m    |[0m [31m[1m^^^^^^^^[0m
[31m[1m>[0m [90m 83 |[0m   [33mBarcode[0m,
  [90m    |[0m [31m[1m^^^^^^^^^^[0m
[31m[1m>[0m [90m 84 |[0m   [33mMessageSquare[0m,
  [90m    |[0m [31m[1m^^^^^^^^^^^^^^^^[0m
[31m[1m>[0m [90m 85 |[0m   [33mPercent[0m,
  [90m    |[0m [31m[1m^^^^^^^^^^[0m
[31m[1m>[0m [90m 86 |[0m   [33mDollarSign[0m,
  [90m    |[0m [31m[1m^^^^^^^^^^^^^[0m
[31m[1m>[0m [90m 87 |[0m   [33mTrendingUp[0m,
  [90m    |[0m [31m[1m^^^^^^^^^^^^^[0m
[31m[1m>[0m [90m 88 |[0m   [33mFlame[0m,
  [90m    |[0m [31m[1m^^^^^^^^[0m
[31m[1m>[0m [90m 89 |[0m   [33mTarget[0m,
  [90m    |[0m [31m[1m^^^^^^^^^[0m
[31m[1m>[0m [90m 90 |[0m   [33mDivide[0m,
  [90m    |[0m [31m[1m^^^^^^^^^[0m
[31m[1m>[0m [90m 91 |[0m   [33mGauge[0m,
  [90m    |[0m [31m[1m^^^^^^^^[0m
[31m[1m>[0m [90m 92 |[0m   [33mHardDrive[0m,
  [90m    |[0m [31m[1m^^^^^^^^^^^^[0m
[31m[1m>[0m [90m 93 |[0m   [33mActivity[0m,
  [90m    |[0m [31m[1m^^^^^^^^^^^[0m
[31m[1m>[0m [90m 94 |[0m   [33mBeaker[0m,
  [90m    |[0m [31m[1m^^^^^^^^^[0m
[31m[1m>[0m [90m 95 |[0m   [33mThermometer[0m,
  [90m    |[0m [31m[1m^^^^^^^^^^^^^^[0m
[31m[1m>[0m [90m 96 |[0m   [33mReceipt[0m,
  [90m    |[0m [31m[1m^^^^^^^^^^[0m
[31m[1m>[0m [90m 97 |[0m   [33mBanknote[0m,
  [90m    |[0m [31m[1m^^^^^^^^^^^[0m
[31m[1m>[0m [90m 98 |[0m   [33mPiggyBank[0m,
  [90m    |[0m [31m[1m^^^^^^^^^^^^[0m
[31m[1m>[0m [90m 99 |[0m   [33mCoins[0m,
  [90m    |[0m [31m[1m^^^^^^^^[0m
[31m[1m>[0m [90m100 |[0m   [33mHeart[0m,
  [90m    |[0m [31m[1m^^^^^^^^[0m
[31m[1m>[0m [90m101 |[0m   [33mBadgePercent[0m,
  [90m    |[0m [31m[1m^^^^^^^^^^^^^^^[0m
[31m[1m>[0m [90m102 |[0m   [33mFileSpreadsheet[0m,
  [90m    |[0m [31m[1m^^^^^^^^^^^^^^^^^^[0m
[31m[1m>[0m [90m103 |[0m
  [90m    |[0m [31m[1m^[0m
[31m[1m>[0m [90m104 |[0m   [33mFileType[0m,
  [90m    |[0m [31m[1m^^^^^^^^^^^[0m
[31m[1m>[0m [90m105 |[0m   [33mFileKey[0m,
  [90m    |[0m [31m[1m^^^^^^^^^^[0m
[31m[1m>[0m [90m106 |[0m   [33mFileSignature[0m,
  [90m    |[0m [31m[1m^^^^^^^^^^^^^^^^[0m
[31m[1m>[0m [90m107 |[0m   [33mFileStack[0m,
  [90m    |[0m [31m[1m^^^^^^^^^^^^[0m
[31m[1m>[0m [90m108 |[0m   [33mFileOutput[0m,
  [90m    |[0m [31m[1m^^^^^^^^^^^^^[0m
[31m[1m>[0m [90m109 |[0m   [33mFileInput[0m,
  [90m    |[0m [31m[1m^^^^^^^^^^^^[0m
[31m[1m>[0m [90m110 |[0m   [33mLayoutList[0m,
  [90m    |[0m [31m[1m^^^^^^^^^^^^^[0m
[31m[1m>[0m [90m111 |[0m
  [90m    |[0m [31m[1m^[0m
[31m[1m>[0m [90m112 |[0m   [33mPenLine[0m,
  [90m    |[0m [31m[1m^^^^^^^^^^[0m
[31m[1m>[0m [90m113 |[0m   [33mHighlighter[0m,
  [90m    |[0m [31m[1m^^^^^^^^^^^^^^[0m
[31m[1m>[0m [90m114 |[0m   [33mMusic[0m,
  [90m    |[0m [31m[1m^^^^^^^^[0m
[31m[1m>[0m [90m115 |[0m   [33mVideo[0m,
  [90m    |[0m [31m[1m^^^^^^^^[0m
[31m[1m>[0m [90m116 |[0m   [33mVolumeX[0m,
  [90m    |[0m [31m[1m^^^^^^^^^^[0m
[31m[1m>[0m [90m117 |[0m   [33mFastForward[0m,
  [90m    |[0m [31m[1m^^^^^^^^^^^^^^[0m
[31m[1m>[0m [90m118 |[0m   [33mRewind[0m,
  [90m    |[0m [31m[1m^^^^^^^^^[0m
[31m[1m>[0m [90m119 |[0m   [33mAudioWaveform[0m,
  [90m    |[0m [31m[1m^^^^^^^^^^^^^^^^[0m
[31m[1m>[0m [90m120 |[0m   [33mDisc[0m,
  [90m    |[0m [31m[1m^^^^^^^[0m
[31m[1m>[0m [90m121 |[0m   [33mMic[0m,
  [90m    |[0m [31m[1m^^^^^^[0m
[31m[1m>[0m [90m122 |[0m   [33mRadio[0m [36mas[0m [33mRadioIcon[0m,
  [90m    |[0m [31m[1m^^^^^^^^^^^^^^^^^^^^^[0m
[31m[1m>[0m [90m123 |[0m
  [90m    |[0m [31m[1m^[0m
[31m[1m>[0m [90m124 |[0m   [33mTimer[0m [36mas[0m [33mTimerIcon[0m,
  [90m    |[0m [31m[1m^^^^^^^^^^^^^^^^^^^^^[0m
[31m[1m>[0m [90m125 |[0m
  [90m    |[0m [31m[1m^[0m
[31m[1m>[0m [90m126 |[0m   [33mPause[0m,
  [90m    |[0m [31m[1m^^^^^^^^[0m
[31m[1m>[0m [90m127 |[0m   [33mRotateCcw[0m,
  [90m    |[0m [31m[1m^^^^^^^^^^^^[0m
[31m[1m>[0m [90m128 |[0m   [33mCoins[0m [36mas[0m [33mDiceIcon[0m,
  [90m    |[0m [31m[1m^^^^^^^^^^^^^^^^^^^^[0m
[31m[1m>[0m [90m129 |[0m   [33mTrophy[0m,
  [90m    |[0m [31m[1m^^^^^^^^^[0m
[31m[1m>[0m [90m130 |[0m   [33mTarget[0m [36mas[0m [33mTargetIcon[0m,
  [90m    |[0m [31m[1m^^^^^^^^^^^^^^^^^^^^^^^[0m
[31m[1m>[0m [90m131 |[0m   [33mGlobe[0m,
  [90m    |[0m [31m[1m^^^^^^^^[0m
[31m[1m>[0m [90m132 |[0m   [33mCheckSquare[0m,
  [90m    |[0m [31m[1m^^^^^^^^^^^^^^[0m
[31m[1m>[0m [90m133 |[0m   [33mListTodo[0m,
  [90m    |[0m [31m[1m^^^^^^^^^^^[0m
[31m[1m>[0m [90m134 |[0m   [33mReceipt[0m [36mas[0m [33mReceiptIcon[0m,
  [90m    |[0m [31m[1m^^^^^^^^^^^^^^^^^^^^^^^^^[0m
[31m[1m>[0m [90m135 |[0m   [33mFlame[0m [36mas[0m [33mFlameIcon[0m,
  [90m    |[0m [31m[1m^^^^^^^^^^^^^^^^^^^^^[0m
[31m[1m>[0m [90m136 |[0m   [33mDroplet[0m,
  [90m    |[0m [31m[1m^^^^^^^^^^[0m
[31m[1m>[0m [90m137 |[0m   [33mPipette[0m,
  [90m    |[0m [31m[1m^^^^^^^^^^[0m
[31m[1m>[0m [90m138 |[0m   [33mBlend[0m,
  [90m    |[0m [31m[1m^^^^^^^^[0m
[31m[1m>[0m [90m139 |[0m   [33mSun[0m [36mas[0m [33mSunIcon[0m,
  [90m    |[0m [31m[1m^^^^^^^^^^^^^^^^^[0m
[31m[1m>[0m [90m140 |[0m   [33mCircle[0m [36mas[0m [33mCircleIcon[0m,
  [90m    |[0m [31m[1m^^^^^^^^^^^^^^^^^^^^^^^[0m
[31m[1m>[0m [90m141 |[0m   [33mTag[0m,
  [90m    |[0m [31m[1m^^^^^^[0m
[31m[1m>[0m [90m142 |[0m   [33mEye[0m [36mas[0m [33mEyeIcon[0m,
  [90m    |[0m [31m[1m^^^^^^^^^^^^^^^^^[0m
[31m[1m>[0m [90m143 |[0m   [33mType[0m [36mas[0m [33mTypeIcon[0m,
  [90m    |[0m [31m[1m^^^^^^^^^^^^^^^^^^^[0m
[31m[1m>[0m [90m144 |[0m   [33mAlignCenter[0m,
  [90m    |[0m [31m[1m^^^^^^^^^^^^^^[0m
[31m[1m>[0m [90m145 |[0m   [33mArrowDown[0m,
  [90m    |[0m [31m[1m^^^^^^^^^^^^[0m
[31m[1m>[0m [90m146 |[0m   [33mBarChart2[0m,
  [90m    |[0m [31m[1m^^^^^^^^^^^^[0m
[31m[1m>[0m [90m147 |[0m   [33mBookOpen[0m,
  [90m    |[0m [31m[1m^^^^^^^^^^^[0m
[31m[1m>[0m [90m148 |[0m   [33mCheck[0m,
  [90m    |[0m [31m[1m^^^^^^^^[0m
[31m[1m>[0m [90m149 |[0m   [33mCopy[0m,
  [90m    |[0m [31m[1m^^^^^^^[0m
[31m[1m>[0m [90m150 |[0m   [33mScissors[0m,
  [90m    |[0m [31m[1m^^^^^^^^^^^[0m
[31m[1m>[0m [90m151 |[0m   [33mPlay[0m,
  [90m    |[0m [31m[1m^^^^^^^[0m
[31m[1m>[0m [90m152 |[0m   [33mFileSearch[0m,
  [90m    |[0m [31m[1m^^^^^^^^^^^^^[0m
[31m[1m>[0m [90m153 |[0m   [33mGitCompare[0m,
  [90m    |[0m [31m[1m^^^^^^^^^^^^^[0m
[31m[1m>[0m [90m154 |[0m   [33mListOrdered[0m,
  [90m    |[0m [31m[1m^^^^^^^^^^^^^^[0m
[31m[1m>[0m [90m155 |[0m   [33mMoveHorizontal[0m,
  [90m    |[0m [31m[1m^^^^^^^^^^^^^^^^^[0m
[31m[1m>[0m [90m156 |[0m
  [90m    |[0m [31m[1m^[0m
[31m[1m>[0m [90m157 |[0m
  [90m    |[0m [31m[1m^[0m
[31m[1m>[0m [90m158 |[0m   [33mSearch[0m,
  [90m    |[0m [31m[1m^^^^^^^^^[0m
[31m[1m>[0m [90m159 |[0m   [33mSliders[0m,
  [90m    |[0m [31m[1m^^^^^^^^^^[0m
[31m[1m>[0m [90m160 |[0m   [33mTerminal[0m,
  [90m    |[0m [31m[1m^^^^^^^^^^^[0m
[31m[1m>[0m [90m161 |[0m   [33mGitBranch[0m,
  [90m    |[0m [31m[1m^^^^^^^^^^^^[0m
[31m[1m>[0m [90m162 |[0m   [33mStar[0m,
  [90m    |[0m [31m[1m^^^^^^^[0m
[31m[1m>[0m [90m163 |[0m   [33mBriefcase[0m,
  [90m    |[0m [31m[1m^^^^^^^^^^^^[0m
[31m[1m>[0m [90m164 |[0m   [33mBuilding2[0m,
  [90m    |[0m [31m[1m^^^^^^^^^^^^[0m
[31m[1m>[0m [90m165 |[0m   [33mShield[0m,
  [90m    |[0m [31m[1m^^^^^^^^^[0m
[31m[1m>[0m [90m166 |[0m   [33mGift[0m,
  [90m    |[0m [31m[1m^^^^^^^[0m
[31m[1m>[0m [90m167 |[0m   [33mFocus[0m,
  [90m    |[0m [31m[1m^^^^^^^^[0m
[31m[1m>[0m [90m168 |[0m   [33mPaintbrush2[0m,
  [90m    |[0m [31m[1m^^^^^^^^^^^^^^[0m
[31m[1m>[0m [90m169 |[0m   [33mAperture[0m,
  [90m    |[0m [31m[1m^^^^^^^^^^^[0m
[31m[1m>[0m [90m170 |[0m   [33mWand2[0m,
  [90m    |[0m [31m[1m^^^^^^^^[0m
[31m[1m>[0m [90m171 |[0m   [33mCalendarClock[0m,
  [90m    |[0m [31m[1m^^^^^^^^^^^^^^^^[0m
[31m[1m>[0m [90m172 |[0m   [33mPawPrint[0m,
  [90m    |[0m [31m[1m^^^^^^^^^^^[0m
[31m[1m>[0m [90m173 |[0m   [33mSmartphone[0m,
  [90m    |[0m [31m[1m^^^^^^^^^^^^^[0m
[31m[1m>[0m [90m174 |[0m   [33mIdCard[0m,
  [90m    |[0m [31m[1m^^^^^^^^^[0m
[31m[1m>[0m [90m175 |[0m   [33mCreditCard[0m,
  [90m    |[0m [31m[1m^^^^^^^^^^^^^[0m
[31m[1m>[0m [90m176 |[0m   [33mCar[0m,
  [90m    |[0m [31m[1m^^^^^^[0m
[31m[1m>[0m [90m177 |[0m   [33mServer[0m,
  [90m    |[0m [31m[1m^^^^^^^^^[0m
[31m[1m>[0m [90m178 |[0m   [33mCode[0m,
  [90m    |[0m [31m[1m^^^^^^^[0m
[31m[1m>[0m [90m179 |[0m   [33mFile[0m,
  [90m    |[0m [31m[1m^^^^^^^[0m
[31m[1m>[0m [90m180 |[0m   [33mCalendar[0m,
  [90m    |[0m [31m[1m^^^^^^^^^^^[0m
[31m[1m>[0m [90m181 |[0m   [33mShirt[0m,
  [90m    |[0m [31m[1m^^^^^^^^[0m
[31m[1m>[0m [90m182 |[0m   [33mFlag[0m,
  [90m    |[0m [31m[1m^^^^^^^[0m
[31m[1m>[0m [90m183 |[0m   [33mCrown[0m,
  [90m    |[0m [31m[1m^^^^^^^^[0m
[31m[1m>[0m [90m184 |[0m   [33mAtom[0m,
  [90m    |[0m [31m[1m^^^^^^^[0m
[31m[1m>[0m [90m185 |[0m   [33mBookMarked[0m,
  [90m    |[0m [31m[1m^^^^^^^^^^^^^[0m
[31m[1m>[0m [90m186 |[0m   [33mMessageCircle[0m,
  [90m    |[0m [31m[1m^^^^^^^^^^^^^^^^[0m
[31m[1m>[0m [90m187 |[0m   [33mTable[0m,
  [90m    |[0m [31m[1m^^^^^^^^[0m
[31m[1m>[0m [90m188 |[0m   [33mFunctionSquare[0m,
  [90m    |[0m [31m[1m^^^^^^^^^^^^^^^^^[0m
[31m[1m>[0m [90m189 |[0m   [33mShapes[0m,
  [90m    |[0m [31m[1m^^^^^^^^^[0m
[31m[1m>[0m [90m190 |[0m   [33mPen[0m,
  [90m    |[0m [31m[1m^^^^^^[0m
[31m[1m>[0m [90m191 |[0m   [33mDiagram[0m,
  [90m    |[0m [31m[1m^^^^^^^^^^[0m
[31m[1m>[0m [90m192 |[0m   [33mNetwork[0m,
  [90m    |[0m [31m[1m^^^^^^^^^^[0m
[31m[1m>[0m [90m193 |[0m   [33mClipboardList[0m,
  [90m    |[0m [31m[1m^^^^^^^^^^^^^^^^[0m
[31m[1m>[0m [90m194 |[0m   [33mLayoutGrid[0m,
  [90m    |[0m [31m[1m^^^^^^^^^^^^^[0m
[31m[1m>[0m [90m195 |[0m   [33mInfo[0m,
  [90m    |[0m [31m[1m^^^^^^^[0m
[31m[1m>[0m [90m196 |[0m   [33mCamera[0m,
  [90m    |[0m [31m[1m^^^^^^^^^[0m
[31m[1m>[0m [90m197 |[0m   [33mPipette[0m,
  [90m    |[0m [31m[1m^^^^^^^^^^[0m
[31m[1m>[0m [90m198 |[0m   [33mCircleDot[0m,
  [90m    |[0m [31m[1m^^^^^^^^^^^^[0m
[31m[1m>[0m [90m199 |[0m   [33mPresentation[0m,
  [90m    |[0m [31m[1m^^^^^^^^^^^^^^^[0m
[31m[1m>[0m [90m200 |[0m   [33mBook[0m,
  [90m    |[0m [31m[1m^^^^^^^[0m
[31m[1m>[0m [90m201 |[0m   [33mAlignVerticalSpaceAround[0m,
  [90m    |[0m [31m[1m^^^^^^^^^^^^^^^^^^^^^^^^^^^[0m
[31m[1m>[0m [90m202 |[0m   [33mFileSplit[0m,
  [90m    |[0m [31m[1m^^^^^^^^^^^^[0m
[31m[1m>[0m [90m203 |[0m   [33mFileArchive[0m,
  [90m    |[0m [31m[1m^^^^^^^^^^^^^^[0m
[31m[1m>[0m [90m204 |[0m   [33mWrench[0m,
  [90m    |[0m [31m[1m^^^^^^^^^[0m
[31m[1m>[0m [90m205 |[0m   [33mList[0m,
  [90m    |[0m [31m[1m^^^^^^^[0m
[31m[1m>[0m [90m206 |[0m   [33mImages[0m,
  [90m    |[0m [31m[1m^^^^^^^^^[0m
[31m[1m>[0m [90m207 |[0m   [33mWifi[0m,
  [90m    |[0m [31m[1m^^^^^^^[0m
[31m[1m>[0m [90m208 |[0m   [33mKey[0m,
  [90m    |[0m [31m[1m^^^^^^[0m
[31m[1m>[0m [90m209 |[0m   [33mGraphQl[0m,
  [90m    |[0m [31m[1m^^^^^^^^^^[0m
[31m[1m>[0m [90m210 |[0m   [33mCoffee[0m,
  [90m    |[0m [31m[1m^^^^^^^^^[0m
[31m[1m>[0m [90m211 |[0m   [33mPython[0m,
  [90m    |[0m [31m[1m^^^^^^^^^[0m
[31m[1m>[0m [90m212 |[0m   [33mFilter[0m,
  [90m    |[0m [31m[1m^^^^^^^^^[0m
[31m[1m>[0m [90m213 |[0m   [33mLineChart[0m,
  [90m    |[0m [31m[1m^^^^^^^^^^^^[0m
[31m[1m>[0m [90m214 |[0m   [33mClock4[0m,
  [90m    |[0m [31m[1m^^^^^^^^^[0m
[31m[1m>[0m [90m215 |[0m   [33mFiles[0m,
  [90m    |[0m [31m[1m^^^^^^^^[0m
[31m[1m>[0m [90m216 |[0m   [33mTags[0m,
  [90m    |[0m [31m[1m^^^^^^^[0m
[31m[1m>[0m [90m217 |[0m   [33mUnlink[0m,
  [90m    |[0m [31m[1m^^^^^^^^^[0m
[31m[1m>[0m [90m218 |[0m   [33mBackslash[0m,
  [90m    |[0m [31m[1m^^^^^^^^^^^^[0m
[31m[1m>[0m [90m219 |[0m   [33mHeading[0m,
  [90m    |[0m [31m[1m^^^^^^^^^^[0m
[31m[1m>[0m [90m220 |[0m   [33mSunMoon[0m,
  [90m    |[0m [31m[1m^^^^^^^^^^[0m
[31m[1m>[0m [90m221 |[0m   [33mWaves[0m,
  [90m    |[0m [31m[1m^^^^^^^^[0m
[31m[1m>[0m [90m222 |[0m   [33mEdit[0m,
  [90m    |[0m [31m[1m^^^^^^^[0m
[31m[1m>[0m [90m223 |[0m   [33mMousePointer[0m,
  [90m    |[0m [31m[1m^^^^^^^^^^^^^^^[0m
[31m[1m>[0m [90m224 |[0m   [33mUserPlus[0m,
  [90m    |[0m [31m[1m^^^^^^^^^^^[0m
[31m[1m>[0m [90m225 |[0m   [33mDices[0m,
  [90m    |[0m [31m[1m^^^^^^^^[0m
[31m[1m>[0m [90m226 |[0m   [33mUtensils[0m,
  [90m    |[0m [31m[1m^^^^^^^^^^^[0m
[31m[1m>[0m [90m227 |[0m   [33mWheel[0m,
  [90m    |[0m [31m[1m^^^^^^^^[0m
[31m[1m>[0m [90m228 |[0m   [33mCheckCircle2[0m,
  [90m    |[0m [31m[1m^^^^^^^^^^^^^^^[0m
[31m[1m>[0m [90m229 |[0m   [33mMusic2[0m,
  [90m    |[0m [31m[1m^^^^^^^^^[0m
[31m[1m>[0m [90m230 |[0m   [33mSubtitles[0m,
  [90m    |[0m [31m[1m^^^^^^^^^^^^[0m
[31m[1m>[0m [90m231 |[0m   [33mDrum[0m,
  [90m    |[0m [31m[1m^^^^^^^[0m
[31m[1m>[0m [90m232 |[0m   [33mGuitar[0m,
  [90m    |[0m [31m[1m^^^^^^^^^[0m
[31m[1m>[0m [90m233 |[0m   [33mPhone[0m,
  [90m    |[0m [31m[1m^^^^^^^^[0m
[31m[1m>[0m [90m234 |[0m   [33mKeyboard[0m,
  [90m    |[0m [31m[1m^^^^^^^^^^^[0m
[31m[1m>[0m [90m235 |[0m   [33mUtensilsCrossed[0m,
  [90m    |[0m [31m[1m^^^^^^^^^^^^^^^^^^[0m
[31m[1m>[0m [90m236 |[0m   [33mScroll[0m,
  [90m    |[0m [31m[1m^^^^^^^^^[0m
[31m[1m>[0m [90m237 |[0m   [33mCloudSun[0m,
  [90m    |[0m [31m[1m^^^^^^^^^^^[0m
[31m[1m>[0m [90m238 |[0m   [33mPackage[0m,
  [90m    |[0m [31m[1m^^^^^^^^^^[0m
[31m[1m>[0m [90m239 |[0m   [33mPlane[0m,
  [90m    |[0m [31m[1m^^^^^^^^[0m
[31m[1m>[0m [90m240 |[0m   [33mTrain[0m,
  [90m    |[0m [31m[1m^^^^^^^^[0m
[31m[1m>[0m [90m241 |[0m   [33mGrid3x3[0m,
  [90m    |[0m [31m[1m^^^^^^^^^^[0m
[31m[1m>[0m [90m242 |[0m   [33mSigma[0m,
  [90m    |[0m [31m[1m^^^^^^^^[0m
[31m[1m>[0m [90m243 |[0m   [33mLightbulb[0m,
  [90m    |[0m [31m[1m^^^^^^^^^^^^[0m
[31m[1m>[0m [90m244 |[0m   [33mFlaskConical[0m,
  [90m    |[0m [31m[1m^^^^^^^^^^^^^^^[0m
[31m[1m>[0m [90m245 |[0m   [33mPenTool[0m,
  [90m    |[0m [31m[1m^^^^^^^^^^[0m
[31m[1m>[0m [90m246 |[0m   [33mScrollText[0m,
  [90m    |[0m [31m[1m^^^^^^^^^^^^^[0m
[31m[1m>[0m [90m247 |[0m   [33mMap[0m,
  [90m    |[0m [31m[1m^^^^^^[0m
[31m[1m>[0m [90m248 |[0m   [33mLandmark[0m,
  [90m    |[0m [31m[1m^^^^^^^^^^^[0m
[31m[1m>[0m [90m249 |[0m   [33mHeadphones[0m,
  [90m    |[0m [31m[1m^^^^^^^^^^^^^[0m
[31m[1m>[0m [90m250 |[0m   [33mBrain[0m,
  [90m    |[0m [31m[1m^^^^^^^^[0m
[31m[1m>[0m [90m251 |[0m   [33mFileCheck[0m,
  [90m    |[0m [31m[1m^^^^^^^^^^^^[0m
[31m[1m>[0m [90m252 |[0m   [33mFileQuestion[0m,
  [90m    |[0m [31m[1m^^^^^^^^^^^^^^^[0m
[31m[1m>[0m [90m253 |[0m   [33mFlaskRound[0m,
  [90m    |[0m [31m[1m^^^^^^^^^^^^^[0m
[31m[1m>[0m [90m254 |[0m   [33mPuzzle[0m,
  [90m    |[0m [31m[1m^^^^^^^^^[0m
[31m[1m>[0m [90m255 |[0m   [33mPieChart[0m,
  [90m    |[0m [31m[1m^^^^^^^^^^^[0m
[31m[1m>[0m [90m256 |[0m   [33mArrowDownRight[0m,
  [90m    |[0m [31m[1m^^^^^^^^^^^^^^^^^[0m
[31m[1m>[0m [90m257 |[0m   [33mRefreshCw[0m,
  [90m    |[0m [31m[1m^^^^^^^^^^^^[0m
[31m[1m>[0m [90m258 |[0m   [33mShieldCheck[0m,
  [90m    |[0m [31m[1m^^^^^^^^^^^^^^[0m
[31m[1m>[0m [90m259 |[0m   [33mGraduationCap[0m,
  [90m    |[0m [31m[1m^^^^^^^^^^^^^^^^[0m
[31m[1m>[0m [90m260 |[0m   [33mRocket[0m,
  [90m    |[0m [31m[1m^^^^^^^^^[0m
[31m[1m>[0m [90m261 |[0m   [33mDumbbell[0m,
  [90m    |[0m [31m[1m^^^^^^^^^^^[0m
[31m[1m>[0m [90m262 |[0m   [33mMoon[0m,
  [90m    |[0m [31m[1m^^^^^^^[0m
[31m[1m>[0m [90m263 |[0m   [33mCalendarHeart[0m,
  [90m    |[0m [31m[1m^^^^^^^^^^^^^^^^[0m
[31m[1m>[0m [90m264 |[0m   [33mPersonStanding[0m,
  [90m    |[0m [31m[1m^^^^^^^^^^^^^^^^^[0m
[31m[1m>[0m [90m265 |[0m   [33mHeartPulse[0m,
  [90m    |[0m [31m[1m^^^^^^^^^^^^^[0m
[31m[1m>[0m [90m266 |[0m   [33mFlower2[0m,
  [90m    |[0m [31m[1m^^^^^^^^^^[0m
[31m[1m>[0m [90m267 |[0m   [33mSystole[0m,
  [90m    |[0m [31m[1m^^^^^^^^^^[0m
[31m[1m>[0m [90m268 |[0m   [33mTestTube[0m,
  [90m    |[0m [31m[1m^^^^^^^^^^^[0m
[31m[1m>[0m [90m269 |[0m   [33mPill[0m,
  [90m    |[0m [31m[1m^^^^^^^[0m
[31m[1m>[0m [90m270 |[0m   [33mFootprints[0m,
  [90m    |[0m [31m[1m^^^^^^^^^^^^^[0m
[31m[1m>[0m [90m271 |[0m   [33mGlasses[0m,
  [90m    |[0m [31m[1m^^^^^^^^^^[0m
[31m[1m>[0m [90m272 |[0m   [33mFlower[0m,
  [90m    |[0m [31m[1m^^^^^^^^^[0m
[31m[1m>[0m [90m273 |[0m   [33mFirstAid[0m,
  [90m    |[0m [31m[1m^^^^^^^^^^^[0m
[31m[1m>[0m [90m274 |[0m   [33mPlug[0m,
  [90m    |[0m [31m[1m^^^^^^^[0m
[31m[1m>[0m [90m275 |[0m   [33mLink2[0m,
  [90m    |[0m [31m[1m^^^^^^^^[0m
[31m[1m>[0m [90m276 |[0m   [33mPaintBucket[0m,
  [90m    |[0m [31m[1m^^^^^^^^^^^^^^[0m
[31m[1m>[0m [90m277 |[0m   [33mAppWindow[0m,
  [90m    |[0m [31m[1m^^^^^^^^^^^^[0m
[31m[1m>[0m [90m278 |[0m   [33mColumns2[0m,
  [90m    |[0m [31m[1m^^^^^^^^^^^[0m
[31m[1m>[0m [90m279 |[0m   [33mCake[0m,
  [90m    |[0m [31m[1m^^^^^^^[0m
[31m[1m>[0m [90m280 |[0m   [33mTriangle[0m,
  [90m    |[0m [31m[1m^^^^^^^^^^^[0m
[31m[1m>[0m [90m281 |[0m   [33mGlassWater[0m,
  [90m    |[0m [31m[1m^^^^^^^^^^^^^[0m
[31m[1m>[0m [90m282 |[0m   [33mCalendarCheck[0m,
  [90m    |[0m [31m[1m^^^^^^^^^^^^^^^^[0m
[31m[1m>[0m [90m283 |[0m   [33mShoppingCart[0m,
  [90m    |[0m [31m[1m^^^^^^^^^^^^^^^[0m
[31m[1m>[0m [90m284 |[0m   [33mChefHat[0m,
  [90m    |[0m [31m[1m^^^^^^^^^^[0m
[31m[1m>[0m [90m285 |[0m   [33mAward[0m,
  [90m    |[0m [31m[1m^^^^^^^^[0m
[31m[1m>[0m [90m286 |[0m   [33mBackpack[0m,
  [90m    |[0m [31m[1m^^^^^^^^^^^[0m
[31m[1m>[0m [90m287 |[0m   [33mMegaphone[0m,
  [90m    |[0m [31m[1m^^^^^^^^^^^^[0m
[31m[1m>[0m [90m288 |[0m   [33mMailPlus[0m,
  [90m    |[0m [31m[1m^^^^^^^^^^^[0m
[31m[1m>[0m [90m289 |[0m   [33mFeather[0m,
  [90m    |[0m [31m[1m^^^^^^^^^^[0m
[31m[1m>[0m [90m290 |[0m   [33mSlidersHorizontal[0m,
  [90m    |[0m [31m[1m^^^^^^^^^^^^^^^^^^^^[0m
[31m[1m>[0m [90m291 |[0m   [33mSettings[0m,
  [90m    |[0m [31m[1m^^^^^^^^^^^[0m
[31m[1m>[0m [90m292 |[0m   [33mComponent[0m,
  [90m    |[0m [31m[1m^^^^^^^^^^^^[0m
[31m[1m>[0m [90m293 |[0m   [33mArchive[0m,
  [90m    |[0m [31m[1m^^^^^^^^^^[0m
[31m[1m>[0m [90m294 |[0m } [36mfrom[0m [32m"lucide-react"[0m;
  [90m    |[0m [31m[1m^^^^^^^^^^^^^^^^^^^[0m
  [90m295 |[0m
  [90m296 |[0m [36mexport[0m [36minterface[0m [33mTool[0m {
  [90m297 |[0m   id: string;

The export Systole was not found in module [project]/node_modules/lucide-react/dist/esm/lucide-react.mjs [app-rsc] (ecm
ascript).
Did you mean to import Store?
All exports of the module are statically known (It doesn't have dynamic exports). So it's known statically that the req
uested export doesn't exist.

Import traces:
  Server Component:
    ./src/lib/tools.ts
    ./src/app/tag/[slug]/page.tsx

  App Route:
    ./src/lib/tools.ts
    ./src/app/sitemap.ts
    ./src/app/sitemap--route-entry.js

  Client Component Browser:
    ./src/lib/tools.ts [Client Component Browser]
    ./src/components/ToolLayout.tsx [Client Component Browser]
    ./src/app/tools/json-to-java-class/page.tsx [Client Component Browser]
    ./src/app/tools/json-to-java-class/page.tsx [Server Component]

  Client Component SSR:
    ./src/lib/tools.ts [Client Component SSR]
    ./src/components/ToolLayout.tsx [Client Component SSR]
    ./src/app/tools/json-to-java-class/page.tsx [Client Component SSR]
    ./src/app/tools/json-to-java-class/page.tsx [Server Component]


./src/lib/tools.ts:1:1
Export Systole doesn't exist in target module
[31m[1m>[0m [90m  1 |[0m ﻿[36mimport[0m {
  [90m    |[0m [31m[1m^^^^^^^[0m
[31m[1m>[0m [90m  2 |[0m   [33mBraces[0m,
  [90m    |[0m [31m[1m^^^^^^^^^[0m
[31m[1m>[0m [90m  3 |[0m   [33mBinary[0m,
  [90m    |[0m [31m[1m^^^^^^^^^[0m
[31m[1m>[0m [90m  4 |[0m   [33mLink[0m,
  [90m    |[0m [31m[1m^^^^^^^[0m
[31m[1m>[0m [90m  5 |[0m   [33mRegex[0m,
  [90m    |[0m [31m[1m^^^^^^^^[0m
[31m[1m>[0m [90m  6 |[0m   [33mFingerprint[0m,
  [90m    |[0m [31m[1m^^^^^^^^^^^^^^[0m
[31m[1m>[0m [90m  7 |[0m   [33mClock[0m,
  [90m    |[0m [31m[1m^^^^^^^^[0m
[31m[1m>[0m [90m  8 |[0m   [33mPalette[0m,
  [90m    |[0m [31m[1m^^^^^^^^^^[0m
[31m[1m>[0m [90m  9 |[0m   [33mFileText[0m,
  [90m    |[0m [31m[1m^^^^^^^^^^^[0m
[31m[1m>[0m [90m 10 |[0m   [33mQrCode[0m,
  [90m    |[0m [31m[1m^^^^^^^^^[0m
[31m[1m>[0m [90m 11 |[0m   [33mKeyRound[0m,
  [90m    |[0m [31m[1m^^^^^^^^^^^[0m
[31m[1m>[0m [90m 12 |[0m   [33mHash[0m,
  [90m    |[0m [31m[1m^^^^^^^[0m
[31m[1m>[0m [90m 13 |[0m   [33mCalculator[0m,
  [90m    |[0m [31m[1m^^^^^^^^^^^^^[0m
[31m[1m>[0m [90m 14 |[0m   [33mHome[0m,
  [90m    |[0m [31m[1m^^^^^^^[0m
[31m[1m>[0m [90m 15 |[0m   [33mWallet[0m,
  [90m    |[0m [31m[1m^^^^^^^^^[0m
[31m[1m>[0m [90m 16 |[0m   [33mScale[0m,
  [90m    |[0m [31m[1m^^^^^^^^[0m
[31m[1m>[0m [90m 17 |[0m   [33mBaby[0m,
  [90m    |[0m [31m[1m^^^^^^^[0m
[31m[1m>[0m [90m 18 |[0m   [33mRuler[0m,
  [90m    |[0m [31m[1m^^^^^^^^[0m
[31m[1m>[0m [90m 19 |[0m   [33mType[0m,
  [90m    |[0m [31m[1m^^^^^^^[0m
[31m[1m>[0m [90m 20 |[0m   [33mArrowUpDown[0m,
  [90m    |[0m [31m[1m^^^^^^^^^^^^^^[0m
[31m[1m>[0m [90m 21 |[0m   [33mTrash2[0m,
  [90m    |[0m [31m[1m^^^^^^^^^[0m
[31m[1m>[0m [90m 22 |[0m   [33mShuffle[0m,
  [90m    |[0m [31m[1m^^^^^^^^^^[0m
[31m[1m>[0m [90m 23 |[0m   [33mTicket[0m,
  [90m    |[0m [31m[1m^^^^^^^^^[0m
[31m[1m>[0m [90m 24 |[0m   [33mImage[0m,
  [90m    |[0m [31m[1m^^^^^^^^[0m
[31m[1m>[0m [90m 25 |[0m   [33mImageDown[0m,
  [90m    |[0m [31m[1m^^^^^^^^^^^^[0m
[31m[1m>[0m [90m 26 |[0m   [33mImagePlus[0m,
  [90m    |[0m [31m[1m^^^^^^^^^^^^[0m
[31m[1m>[0m [90m 27 |[0m   [33mFileImage[0m,
  [90m    |[0m [31m[1m^^^^^^^^^^^^[0m
[31m[1m>[0m [90m 28 |[0m   [33mUser[0m,
  [90m    |[0m [31m[1m^^^^^^^[0m
[31m[1m>[0m [90m 29 |[0m   [33mDroplets[0m,
  [90m    |[0m [31m[1m^^^^^^^^^^^[0m
[31m[1m>[0m [90m 30 |[0m   [33mRepeat[0m,
  [90m    |[0m [31m[1m^^^^^^^^^[0m
[31m[1m>[0m [90m 31 |[0m   [33mTimer[0m,
  [90m    |[0m [31m[1m^^^^^^^^[0m
[31m[1m>[0m [90m 32 |[0m   [33mCalendarDays[0m,
  [90m    |[0m [31m[1m^^^^^^^^^^^^^^^[0m
[31m[1m>[0m [90m 33 |[0m   [33mWallet[0m [36mas[0m [33mWalletIcon[0m,
  [90m    |[0m [31m[1m^^^^^^^^^^^^^^^^^^^^^^^[0m
[31m[1m>[0m [90m 34 |[0m   [33mFileDiff[0m,
  [90m    |[0m [31m[1m^^^^^^^^^^^[0m
[31m[1m>[0m [90m 35 |[0m   [33mTable2[0m,
  [90m    |[0m [31m[1m^^^^^^^^^[0m
[31m[1m>[0m [90m 36 |[0m   [33mLanguages[0m,
  [90m    |[0m [31m[1m^^^^^^^^^^^^[0m
[31m[1m>[0m [90m 37 |[0m   [33mGrid3X3[0m,
  [90m    |[0m [31m[1m^^^^^^^^^^[0m
[31m[1m>[0m [90m 38 |[0m   [33mCode2[0m,
  [90m    |[0m [31m[1m^^^^^^^^[0m
[31m[1m>[0m [90m 39 |[0m   [33mFileCode[0m,
  [90m    |[0m [31m[1m^^^^^^^^^^^[0m
[31m[1m>[0m [90m 40 |[0m   [33mScanLine[0m,
  [90m    |[0m [31m[1m^^^^^^^^^^^[0m
[31m[1m>[0m [90m 41 |[0m   [33mAlignLeft[0m,
  [90m    |[0m [31m[1m^^^^^^^^^^^^[0m
[31m[1m>[0m [90m 42 |[0m   [33mContact[0m,
  [90m    |[0m [31m[1m^^^^^^^^^^[0m
[31m[1m>[0m [90m 43 |[0m   [33mCrop[0m,
  [90m    |[0m [31m[1m^^^^^^^[0m
[31m[1m>[0m [90m 44 |[0m   [33mRotateCw[0m,
  [90m    |[0m [31m[1m^^^^^^^^^^^[0m
[31m[1m>[0m [90m 45 |[0m   [33mMaximize2[0m,
  [90m    |[0m [31m[1m^^^^^^^^^^^^[0m
[31m[1m>[0m [90m 46 |[0m   [33mSparkles[0m,
  [90m    |[0m [31m[1m^^^^^^^^^^^[0m
[31m[1m>[0m [90m 47 |[0m   [33mLayers[0m,
  [90m    |[0m [31m[1m^^^^^^^^^[0m
[31m[1m>[0m [90m 48 |[0m   [33mGrid2x2[0m,
  [90m    |[0m [31m[1m^^^^^^^^^^[0m
[31m[1m>[0m [90m 49 |[0m   [33mMonitor[0m,
  [90m    |[0m [31m[1m^^^^^^^^^^[0m
[31m[1m>[0m [90m 50 |[0m   [33mSmile[0m,
  [90m    |[0m [31m[1m^^^^^^^^[0m
[31m[1m>[0m [90m 51 |[0m   [33mFileDown[0m,
  [90m    |[0m [31m[1m^^^^^^^^^^^[0m
[31m[1m>[0m [90m 52 |[0m   [33mCombine[0m,
  [90m    |[0m [31m[1m^^^^^^^^^^[0m
[31m[1m>[0m [90m 53 |[0m   [33mVolume2[0m,
  [90m    |[0m [31m[1m^^^^^^^^^^[0m
[31m[1m>[0m [90m 54 |[0m   [33mEraser[0m,
  [90m    |[0m [31m[1m^^^^^^^^^[0m
[31m[1m>[0m [90m 55 |[0m   [33mFilm[0m,
  [90m    |[0m [31m[1m^^^^^^^[0m
[31m[1m>[0m [90m 56 |[0m   [33mCircle[0m,
  [90m    |[0m [31m[1m^^^^^^^^^[0m
[31m[1m>[0m [90m 57 |[0m   [33mCheckCircle[0m,
  [90m    |[0m [31m[1m^^^^^^^^^^^^^^[0m
[31m[1m>[0m [90m 58 |[0m   [33mArrowLeftRight[0m,
  [90m    |[0m [31m[1m^^^^^^^^^^^^^^^^^[0m
[31m[1m>[0m [90m 59 |[0m   [33mReplace[0m,
  [90m    |[0m [31m[1m^^^^^^^^^^[0m
[31m[1m>[0m [90m 60 |[0m   [33mDatabase[0m,
  [90m    |[0m [31m[1m^^^^^^^^^^^[0m
[31m[1m>[0m [90m 61 |[0m   [33mMinimize2[0m,
  [90m    |[0m [31m[1m^^^^^^^^^^^^[0m
[31m[1m>[0m [90m 62 |[0m   [33mFileJson[0m,
  [90m    |[0m [31m[1m^^^^^^^^^^^[0m
[31m[1m>[0m [90m 63 |[0m   [33mArrowRightLeft[0m,
  [90m    |[0m [31m[1m^^^^^^^^^^^^^^^^^[0m
[31m[1m>[0m [90m 64 |[0m   [33mDownload[0m,
  [90m    |[0m [31m[1m^^^^^^^^^^^[0m
[31m[1m>[0m [90m 65 |[0m   [33mTrash[0m,
  [90m    |[0m [31m[1m^^^^^^^^[0m
[31m[1m>[0m [90m 66 |[0m   [33mFlipHorizontal[0m,
  [90m    |[0m [31m[1m^^^^^^^^^^^^^^^^^[0m
[31m[1m>[0m [90m 67 |[0m   [33mFlipVertical[0m,
  [90m    |[0m [31m[1m^^^^^^^^^^^^^^^[0m
[31m[1m>[0m [90m 68 |[0m   [33mSun[0m,
  [90m    |[0m [31m[1m^^^^^^[0m
[31m[1m>[0m [90m 69 |[0m   [33mSquare[0m,
  [90m    |[0m [31m[1m^^^^^^^^^[0m
[31m[1m>[0m [90m 70 |[0m   [33mContrast[0m,
  [90m    |[0m [31m[1m^^^^^^^^^^^[0m
[31m[1m>[0m [90m 71 |[0m   [33mMinus[0m,
  [90m    |[0m [31m[1m^^^^^^^^[0m
[31m[1m>[0m [90m 72 |[0m   [33mLock[0m,
  [90m    |[0m [31m[1m^^^^^^^[0m
[31m[1m>[0m [90m 73 |[0m   [33mUnlock[0m,
  [90m    |[0m [31m[1m^^^^^^^^^[0m
[31m[1m>[0m [90m 74 |[0m   [33mMail[0m,
  [90m    |[0m [31m[1m^^^^^^^[0m
[31m[1m>[0m [90m 75 |[0m   [33mRadio[0m,
  [90m    |[0m [31m[1m^^^^^^^^[0m
[31m[1m>[0m [90m 76 |[0m   [33mPaintbrush[0m,
  [90m    |[0m [31m[1m^^^^^^^^^^^^^[0m
[31m[1m>[0m [90m 77 |[0m   [33mWind[0m,
  [90m    |[0m [31m[1m^^^^^^^[0m
[31m[1m>[0m [90m 78 |[0m   [33mBox[0m,
  [90m    |[0m [31m[1m^^^^^^[0m
[31m[1m>[0m [90m 79 |[0m   [33mQuote[0m,
  [90m    |[0m [31m[1m^^^^^^^^[0m
[31m[1m>[0m [90m 80 |[0m   [33mAtSign[0m,
  [90m    |[0m [31m[1m^^^^^^^^^[0m
[31m[1m>[0m [90m 81 |[0m   [33mZap[0m,
  [90m    |[0m [31m[1m^^^^^^[0m
[31m[1m>[0m [90m 82 |[0m   [33mUsers[0m,
  [90m    |[0m [31m[1m^^^^^^^^[0m
[31m[1m>[0m [90m 83 |[0m   [33mBarcode[0m,
  [90m    |[0m [31m[1m^^^^^^^^^^[0m
[31m[1m>[0m [90m 84 |[0m   [33mMessageSquare[0m,
  [90m    |[0m [31m[1m^^^^^^^^^^^^^^^^[0m
[31m[1m>[0m [90m 85 |[0m   [33mPercent[0m,
  [90m    |[0m [31m[1m^^^^^^^^^^[0m
[31m[1m>[0m [90m 86 |[0m   [33mDollarSign[0m,
  [90m    |[0m [31m[1m^^^^^^^^^^^^^[0m
[31m[1m>[0m [90m 87 |[0m   [33mTrendingUp[0m,
  [90m    |[0m [31m[1m^^^^^^^^^^^^^[0m
[31m[1m>[0m [90m 88 |[0m   [33mFlame[0m,
  [90m    |[0m [31m[1m^^^^^^^^[0m
[31m[1m>[0m [90m 89 |[0m   [33mTarget[0m,
  [90m    |[0m [31m[1m^^^^^^^^^[0m
[31m[1m>[0m [90m 90 |[0m   [33mDivide[0m,
  [90m    |[0m [31m[1m^^^^^^^^^[0m
[31m[1m>[0m [90m 91 |[0m   [33mGauge[0m,
  [90m    |[0m [31m[1m^^^^^^^^[0m
[31m[1m>[0m [90m 92 |[0m   [33mHardDrive[0m,
  [90m    |[0m [31m[1m^^^^^^^^^^^^[0m
[31m[1m>[0m [90m 93 |[0m   [33mActivity[0m,
  [90m    |[0m [31m[1m^^^^^^^^^^^[0m
[31m[1m>[0m [90m 94 |[0m   [33mBeaker[0m,
  [90m    |[0m [31m[1m^^^^^^^^^[0m
[31m[1m>[0m [90m 95 |[0m   [33mThermometer[0m,
  [90m    |[0m [31m[1m^^^^^^^^^^^^^^[0m
[31m[1m>[0m [90m 96 |[0m   [33mReceipt[0m,
  [90m    |[0m [31m[1m^^^^^^^^^^[0m
[31m[1m>[0m [90m 97 |[0m   [33mBanknote[0m,
  [90m    |[0m [31m[1m^^^^^^^^^^^[0m
[31m[1m>[0m [90m 98 |[0m   [33mPiggyBank[0m,
  [90m    |[0m [31m[1m^^^^^^^^^^^^[0m
[31m[1m>[0m [90m 99 |[0m   [33mCoins[0m,
  [90m    |[0m [31m[1m^^^^^^^^[0m
[31m[1m>[0m [90m100 |[0m   [33mHeart[0m,
  [90m    |[0m [31m[1m^^^^^^^^[0m
[31m[1m>[0m [90m101 |[0m   [33mBadgePercent[0m,
  [90m    |[0m [31m[1m^^^^^^^^^^^^^^^[0m
[31m[1m>[0m [90m102 |[0m   [33mFileSpreadsheet[0m,
  [90m    |[0m [31m[1m^^^^^^^^^^^^^^^^^^[0m
[31m[1m>[0m [90m103 |[0m
  [90m    |[0m [31m[1m^[0m
[31m[1m>[0m [90m104 |[0m   [33mFileType[0m,
  [90m    |[0m [31m[1m^^^^^^^^^^^[0m
[31m[1m>[0m [90m105 |[0m   [33mFileKey[0m,
  [90m    |[0m [31m[1m^^^^^^^^^^[0m
[31m[1m>[0m [90m106 |[0m   [33mFileSignature[0m,
  [90m    |[0m [31m[1m^^^^^^^^^^^^^^^^[0m
[31m[1m>[0m [90m107 |[0m   [33mFileStack[0m,
  [90m    |[0m [31m[1m^^^^^^^^^^^^[0m
[31m[1m>[0m [90m108 |[0m   [33mFileOutput[0m,
  [90m    |[0m [31m[1m^^^^^^^^^^^^^[0m
[31m[1m>[0m [90m109 |[0m   [33mFileInput[0m,
  [90m    |[0m [31m[1m^^^^^^^^^^^^[0m
[31m[1m>[0m [90m110 |[0m   [33mLayoutList[0m,
  [90m    |[0m [31m[1m^^^^^^^^^^^^^[0m
[31m[1m>[0m [90m111 |[0m
  [90m    |[0m [31m[1m^[0m
[31m[1m>[0m [90m112 |[0m   [33mPenLine[0m,
  [90m    |[0m [31m[1m^^^^^^^^^^[0m
[31m[1m>[0m [90m113 |[0m   [33mHighlighter[0m,
  [90m    |[0m [31m[1m^^^^^^^^^^^^^^[0m
[31m[1m>[0m [90m114 |[0m   [33mMusic[0m,
  [90m    |[0m [31m[1m^^^^^^^^[0m
[31m[1m>[0m [90m115 |[0m   [33mVideo[0m,
  [90m    |[0m [31m[1m^^^^^^^^[0m
[31m[1m>[0m [90m116 |[0m   [33mVolumeX[0m,
  [90m    |[0m [31m[1m^^^^^^^^^^[0m
[31m[1m>[0m [90m117 |[0m   [33mFastForward[0m,
  [90m    |[0m [31m[1m^^^^^^^^^^^^^^[0m
[31m[1m>[0m [90m118 |[0m   [33mRewind[0m,
  [90m    |[0m [31m[1m^^^^^^^^^[0m
[31m[1m>[0m [90m119 |[0m   [33mAudioWaveform[0m,
  [90m    |[0m [31m[1m^^^^^^^^^^^^^^^^[0m
[31m[1m>[0m [90m120 |[0m   [33mDisc[0m,
  [90m    |[0m [31m[1m^^^^^^^[0m
[31m[1m>[0m [90m121 |[0m   [33mMic[0m,
  [90m    |[0m [31m[1m^^^^^^[0m
[31m[1m>[0m [90m122 |[0m   [33mRadio[0m [36mas[0m [33mRadioIcon[0m,
  [90m    |[0m [31m[1m^^^^^^^^^^^^^^^^^^^^^[0m
[31m[1m>[0m [90m123 |[0m
  [90m    |[0m [31m[1m^[0m
[31m[1m>[0m [90m124 |[0m   [33mTimer[0m [36mas[0m [33mTimerIcon[0m,
  [90m    |[0m [31m[1m^^^^^^^^^^^^^^^^^^^^^[0m
[31m[1m>[0m [90m125 |[0m
  [90m    |[0m [31m[1m^[0m
[31m[1m>[0m [90m126 |[0m   [33mPause[0m,
  [90m    |[0m [31m[1m^^^^^^^^[0m
[31m[1m>[0m [90m127 |[0m   [33mRotateCcw[0m,
  [90m    |[0m [31m[1m^^^^^^^^^^^^[0m
[31m[1m>[0m [90m128 |[0m   [33mCoins[0m [36mas[0m [33mDiceIcon[0m,
  [90m    |[0m [31m[1m^^^^^^^^^^^^^^^^^^^^[0m
[31m[1m>[0m [90m129 |[0m   [33mTrophy[0m,
  [90m    |[0m [31m[1m^^^^^^^^^[0m
[31m[1m>[0m [90m130 |[0m   [33mTarget[0m [36mas[0m [33mTargetIcon[0m,
  [90m    |[0m [31m[1m^^^^^^^^^^^^^^^^^^^^^^^[0m
[31m[1m>[0m [90m131 |[0m   [33mGlobe[0m,
  [90m    |[0m [31m[1m^^^^^^^^[0m
[31m[1m>[0m [90m132 |[0m   [33mCheckSquare[0m,
  [90m    |[0m [31m[1m^^^^^^^^^^^^^^[0m
[31m[1m>[0m [90m133 |[0m   [33mListTodo[0m,
  [90m    |[0m [31m[1m^^^^^^^^^^^[0m
[31m[1m>[0m [90m134 |[0m   [33mReceipt[0m [36mas[0m [33mReceiptIcon[0m,
  [90m    |[0m [31m[1m^^^^^^^^^^^^^^^^^^^^^^^^^[0m
[31m[1m>[0m [90m135 |[0m   [33mFlame[0m [36mas[0m [33mFlameIcon[0m,
  [90m    |[0m [31m[1m^^^^^^^^^^^^^^^^^^^^^[0m
[31m[1m>[0m [90m136 |[0m   [33mDroplet[0m,
  [90m    |[0m [31m[1m^^^^^^^^^^[0m
[31m[1m>[0m [90m137 |[0m   [33mPipette[0m,
  [90m    |[0m [31m[1m^^^^^^^^^^[0m
[31m[1m>[0m [90m138 |[0m   [33mBlend[0m,
  [90m    |[0m [31m[1m^^^^^^^^[0m
[31m[1m>[0m [90m139 |[0m   [33mSun[0m [36mas[0m [33mSunIcon[0m,
  [90m    |[0m [31m[1m^^^^^^^^^^^^^^^^^[0m
[31m[1m>[0m [90m140 |[0m   [33mCircle[0m [36mas[0m [33mCircleIcon[0m,
  [90m    |[0m [31m[1m^^^^^^^^^^^^^^^^^^^^^^^[0m
[31m[1m>[0m [90m141 |[0m   [33mTag[0m,
  [90m    |[0m [31m[1m^^^^^^[0m
[31m[1m>[0m [90m142 |[0m   [33mEye[0m [36mas[0m [33mEyeIcon[0m,
  [90m    |[0m [31m[1m^^^^^^^^^^^^^^^^^[0m
[31m[1m>[0m [90m143 |[0m   [33mType[0m [36mas[0m [33mTypeIcon[0m,
  [90m    |[0m [31m[1m^^^^^^^^^^^^^^^^^^^[0m
[31m[1m>[0m [90m144 |[0m   [33mAlignCenter[0m,
  [90m    |[0m [31m[1m^^^^^^^^^^^^^^[0m
[31m[1m>[0m [90m145 |[0m   [33mArrowDown[0m,
  [90m    |[0m [31m[1m^^^^^^^^^^^^[0m
[31m[1m>[0m [90m146 |[0m   [33mBarChart2[0m,
  [90m    |[0m [31m[1m^^^^^^^^^^^^[0m
[31m[1m>[0m [90m147 |[0m   [33mBookOpen[0m,
  [90m    |[0m [31m[1m^^^^^^^^^^^[0m
[31m[1m>[0m [90m148 |[0m   [33mCheck[0m,
  [90m    |[0m [31m[1m^^^^^^^^[0m
[31m[1m>[0m [90m149 |[0m   [33mCopy[0m,
  [90m    |[0m [31m[1m^^^^^^^[0m
[31m[1m>[0m [90m150 |[0m   [33mScissors[0m,
  [90m    |[0m [31m[1m^^^^^^^^^^^[0m
[31m[1m>[0m [90m151 |[0m   [33mPlay[0m,
  [90m    |[0m [31m[1m^^^^^^^[0m
[31m[1m>[0m [90m152 |[0m   [33mFileSearch[0m,
  [90m    |[0m [31m[1m^^^^^^^^^^^^^[0m
[31m[1m>[0m [90m153 |[0m   [33mGitCompare[0m,
  [90m    |[0m [31m[1m^^^^^^^^^^^^^[0m
[31m[1m>[0m [90m154 |[0m   [33mListOrdered[0m,
  [90m    |[0m [31m[1m^^^^^^^^^^^^^^[0m
[31m[1m>[0m [90m155 |[0m   [33mMoveHorizontal[0m,
  [90m    |[0m [31m[1m^^^^^^^^^^^^^^^^^[0m
[31m[1m>[0m [90m156 |[0m
  [90m    |[0m [31m[1m^[0m
[31m[1m>[0m [90m157 |[0m
  [90m    |[0m [31m[1m^[0m
[31m[1m>[0m [90m158 |[0m   [33mSearch[0m,
  [90m    |[0m [31m[1m^^^^^^^^^[0m
[31m[1m>[0m [90m159 |[0m   [33mSliders[0m,
  [90m    |[0m [31m[1m^^^^^^^^^^[0m
[31m[1m>[0m [90m160 |[0m   [33mTerminal[0m,
  [90m    |[0m [31m[1m^^^^^^^^^^^[0m
[31m[1m>[0m [90m161 |[0m   [33mGitBranch[0m,
  [90m    |[0m [31m[1m^^^^^^^^^^^^[0m
[31m[1m>[0m [90m162 |[0m   [33mStar[0m,
  [90m    |[0m [31m[1m^^^^^^^[0m
[31m[1m>[0m [90m163 |[0m   [33mBriefcase[0m,
  [90m    |[0m [31m[1m^^^^^^^^^^^^[0m
[31m[1m>[0m [90m164 |[0m   [33mBuilding2[0m,
  [90m    |[0m [31m[1m^^^^^^^^^^^^[0m
[31m[1m>[0m [90m165 |[0m   [33mShield[0m,
  [90m    |[0m [31m[1m^^^^^^^^^[0m
[31m[1m>[0m [90m166 |[0m   [33mGift[0m,
  [90m    |[0m [31m[1m^^^^^^^[0m
[31m[1m>[0m [90m167 |[0m   [33mFocus[0m,
  [90m    |[0m [31m[1m^^^^^^^^[0m
[31m[1m>[0m [90m168 |[0m   [33mPaintbrush2[0m,
  [90m    |[0m [31m[1m^^^^^^^^^^^^^^[0m
[31m[1m>[0m [90m169 |[0m   [33mAperture[0m,
  [90m    |[0m [31m[1m^^^^^^^^^^^[0m
[31m[1m>[0m [90m170 |[0m   [33mWand2[0m,
  [90m    |[0m [31m[1m^^^^^^^^[0m
[31m[1m>[0m [90m171 |[0m   [33mCalendarClock[0m,
  [90m    |[0m [31m[1m^^^^^^^^^^^^^^^^[0m
[31m[1m>[0m [90m172 |[0m   [33mPawPrint[0m,
  [90m    |[0m [31m[1m^^^^^^^^^^^[0m
[31m[1m>[0m [90m173 |[0m   [33mSmartphone[0m,
  [90m    |[0m [31m[1m^^^^^^^^^^^^^[0m
[31m[1m>[0m [90m174 |[0m   [33mIdCard[0m,
  [90m    |[0m [31m[1m^^^^^^^^^[0m
[31m[1m>[0m [90m175 |[0m   [33mCreditCard[0m,
  [90m    |[0m [31m[1m^^^^^^^^^^^^^[0m
[31m[1m>[0m [90m176 |[0m   [33mCar[0m,
  [90m    |[0m [31m[1m^^^^^^[0m
[31m[1m>[0m [90m177 |[0m   [33mServer[0m,
  [90m    |[0m [31m[1m^^^^^^^^^[0m
[31m[1m>[0m [90m178 |[0m   [33mCode[0m,
  [90m    |[0m [31m[1m^^^^^^^[0m
[31m[1m>[0m [90m179 |[0m   [33mFile[0m,
  [90m    |[0m [31m[1m^^^^^^^[0m
[31m[1m>[0m [90m180 |[0m   [33mCalendar[0m,
  [90m    |[0m [31m[1m^^^^^^^^^^^[0m
[31m[1m>[0m [90m181 |[0m   [33mShirt[0m,
  [90m    |[0m [31m[1m^^^^^^^^[0m
[31m[1m>[0m [90m182 |[0m   [33mFlag[0m,
  [90m    |[0m [31m[1m^^^^^^^[0m
[31m[1m>[0m [90m183 |[0m   [33mCrown[0m,
  [90m    |[0m [31m[1m^^^^^^^^[0m
[31m[1m>[0m [90m184 |[0m   [33mAtom[0m,
  [90m    |[0m [31m[1m^^^^^^^[0m
[31m[1m>[0m [90m185 |[0m   [33mBookMarked[0m,
  [90m    |[0m [31m[1m^^^^^^^^^^^^^[0m
[31m[1m>[0m [90m186 |[0m   [33mMessageCircle[0m,
  [90m    |[0m [31m[1m^^^^^^^^^^^^^^^^[0m
[31m[1m>[0m [90m187 |[0m   [33mTable[0m,
  [90m    |[0m [31m[1m^^^^^^^^[0m
[31m[1m>[0m [90m188 |[0m   [33mFunctionSquare[0m,
  [90m    |[0m [31m[1m^^^^^^^^^^^^^^^^^[0m
[31m[1m>[0m [90m189 |[0m   [33mShapes[0m,
  [90m    |[0m [31m[1m^^^^^^^^^[0m
[31m[1m>[0m [90m190 |[0m   [33mPen[0m,
  [90m    |[0m [31m[1m^^^^^^[0m
[31m[1m>[0m [90m191 |[0m   [33mDiagram[0m,
  [90m    |[0m [31m[1m^^^^^^^^^^[0m
[31m[1m>[0m [90m192 |[0m   [33mNetwork[0m,
  [90m    |[0m [31m[1m^^^^^^^^^^[0m
[31m[1m>[0m [90m193 |[0m   [33mClipboardList[0m,
  [90m    |[0m [31m[1m^^^^^^^^^^^^^^^^[0m
[31m[1m>[0m [90m194 |[0m   [33mLayoutGrid[0m,
  [90m    |[0m [31m[1m^^^^^^^^^^^^^[0m
[31m[1m>[0m [90m195 |[0m   [33mInfo[0m,
  [90m    |[0m [31m[1m^^^^^^^[0m
[31m[1m>[0m [90m196 |[0m   [33mCamera[0m,
  [90m    |[0m [31m[1m^^^^^^^^^[0m
[31m[1m>[0m [90m197 |[0m   [33mPipette[0m,
  [90m    |[0m [31m[1m^^^^^^^^^^[0m
[31m[1m>[0m [90m198 |[0m   [33mCircleDot[0m,
  [90m    |[0m [31m[1m^^^^^^^^^^^^[0m
[31m[1m>[0m [90m199 |[0m   [33mPresentation[0m,
  [90m    |[0m [31m[1m^^^^^^^^^^^^^^^[0m
[31m[1m>[0m [90m200 |[0m   [33mBook[0m,
  [90m    |[0m [31m[1m^^^^^^^[0m
[31m[1m>[0m [90m201 |[0m   [33mAlignVerticalSpaceAround[0m,
  [90m    |[0m [31m[1m^^^^^^^^^^^^^^^^^^^^^^^^^^^[0m
[31m[1m>[0m [90m202 |[0m   [33mFileSplit[0m,
  [90m    |[0m [31m[1m^^^^^^^^^^^^[0m
[31m[1m>[0m [90m203 |[0m   [33mFileArchive[0m,
  [90m    |[0m [31m[1m^^^^^^^^^^^^^^[0m
[31m[1m>[0m [90m204 |[0m   [33mWrench[0m,
  [90m    |[0m [31m[1m^^^^^^^^^[0m
[31m[1m>[0m [90m205 |[0m   [33mList[0m,
  [90m    |[0m [31m[1m^^^^^^^[0m
[31m[1m>[0m [90m206 |[0m   [33mImages[0m,
  [90m    |[0m [31m[1m^^^^^^^^^[0m
[31m[1m>[0m [90m207 |[0m   [33mWifi[0m,
  [90m    |[0m [31m[1m^^^^^^^[0m
[31m[1m>[0m [90m208 |[0m   [33mKey[0m,
  [90m    |[0m [31m[1m^^^^^^[0m
[31m[1m>[0m [90m209 |[0m   [33mGraphQl[0m,
  [90m    |[0m [31m[1m^^^^^^^^^^[0m
[31m[1m>[0m [90m210 |[0m   [33mCoffee[0m,
  [90m    |[0m [31m[1m^^^^^^^^^[0m
[31m[1m>[0m [90m211 |[0m   [33mPython[0m,
  [90m    |[0m [31m[1m^^^^^^^^^[0m
[31m[1m>[0m [90m212 |[0m   [33mFilter[0m,
  [90m    |[0m [31m[1m^^^^^^^^^[0m
[31m[1m>[0m [90m213 |[0m   [33mLineChart[0m,
  [90m    |[0m [31m[1m^^^^^^^^^^^^[0m
[31m[1m>[0m [90m214 |[0m   [33mClock4[0m,
  [90m    |[0m [31m[1m^^^^^^^^^[0m
[31m[1m>[0m [90m215 |[0m   [33mFiles[0m,
  [90m    |[0m [31m[1m^^^^^^^^[0m
[31m[1m>[0m [90m216 |[0m   [33mTags[0m,
  [90m    |[0m [31m[1m^^^^^^^[0m
[31m[1m>[0m [90m217 |[0m   [33mUnlink[0m,
  [90m    |[0m [31m[1m^^^^^^^^^[0m
[31m[1m>[0m [90m218 |[0m   [33mBackslash[0m,
  [90m    |[0m [31m[1m^^^^^^^^^^^^[0m
[31m[1m>[0m [90m219 |[0m   [33mHeading[0m,
  [90m    |[0m [31m[1m^^^^^^^^^^[0m
[31m[1m>[0m [90m220 |[0m   [33mSunMoon[0m,
  [90m    |[0m [31m[1m^^^^^^^^^^[0m
[31m[1m>[0m [90m221 |[0m   [33mWaves[0m,
  [90m    |[0m [31m[1m^^^^^^^^[0m
[31m[1m>[0m [90m222 |[0m   [33mEdit[0m,
  [90m    |[0m [31m[1m^^^^^^^[0m
[31m[1m>[0m [90m223 |[0m   [33mMousePointer[0m,
  [90m    |[0m [31m[1m^^^^^^^^^^^^^^^[0m
[31m[1m>[0m [90m224 |[0m   [33mUserPlus[0m,
  [90m    |[0m [31m[1m^^^^^^^^^^^[0m
[31m[1m>[0m [90m225 |[0m   [33mDices[0m,
  [90m    |[0m [31m[1m^^^^^^^^[0m
[31m[1m>[0m [90m226 |[0m   [33mUtensils[0m,
  [90m    |[0m [31m[1m^^^^^^^^^^^[0m
[31m[1m>[0m [90m227 |[0m   [33mWheel[0m,
  [90m    |[0m [31m[1m^^^^^^^^[0m
[31m[1m>[0m [90m228 |[0m   [33mCheckCircle2[0m,
  [90m    |[0m [31m[1m^^^^^^^^^^^^^^^[0m
[31m[1m>[0m [90m229 |[0m   [33mMusic2[0m,
  [90m    |[0m [31m[1m^^^^^^^^^[0m
[31m[1m>[0m [90m230 |[0m   [33mSubtitles[0m,
  [90m    |[0m [31m[1m^^^^^^^^^^^^[0m
[31m[1m>[0m [90m231 |[0m   [33mDrum[0m,
  [90m    |[0m [31m[1m^^^^^^^[0m
[31m[1m>[0m [90m232 |[0m   [33mGuitar[0m,
  [90m    |[0m [31m[1m^^^^^^^^^[0m
[31m[1m>[0m [90m233 |[0m   [33mPhone[0m,
  [90m    |[0m [31m[1m^^^^^^^^[0m
[31m[1m>[0m [90m234 |[0m   [33mKeyboard[0m,
  [90m    |[0m [31m[1m^^^^^^^^^^^[0m
[31m[1m>[0m [90m235 |[0m   [33mUtensilsCrossed[0m,
  [90m    |[0m [31m[1m^^^^^^^^^^^^^^^^^^[0m
[31m[1m>[0m [90m236 |[0m   [33mScroll[0m,
  [90m    |[0m [31m[1m^^^^^^^^^[0m
[31m[1m>[0m [90m237 |[0m   [33mCloudSun[0m,
  [90m    |[0m [31m[1m^^^^^^^^^^^[0m
[31m[1m>[0m [90m238 |[0m   [33mPackage[0m,
  [90m    |[0m [31m[1m^^^^^^^^^^[0m
[31m[1m>[0m [90m239 |[0m   [33mPlane[0m,
  [90m    |[0m [31m[1m^^^^^^^^[0m
[31m[1m>[0m [90m240 |[0m   [33mTrain[0m,
  [90m    |[0m [31m[1m^^^^^^^^[0m
[31m[1m>[0m [90m241 |[0m   [33mGrid3x3[0m,
  [90m    |[0m [31m[1m^^^^^^^^^^[0m
[31m[1m>[0m [90m242 |[0m   [33mSigma[0m,
  [90m    |[0m [31m[1m^^^^^^^^[0m
[31m[1m>[0m [90m243 |[0m   [33mLightbulb[0m,
  [90m    |[0m [31m[1m^^^^^^^^^^^^[0m
[31m[1m>[0m [90m244 |[0m   [33mFlaskConical[0m,
  [90m    |[0m [31m[1m^^^^^^^^^^^^^^^[0m
[31m[1m>[0m [90m245 |[0m   [33mPenTool[0m,
  [90m    |[0m [31m[1m^^^^^^^^^^[0m
[31m[1m>[0m [90m246 |[0m   [33mScrollText[0m,
  [90m    |[0m [31m[1m^^^^^^^^^^^^^[0m
[31m[1m>[0m [90m247 |[0m   [33mMap[0m,
  [90m    |[0m [31m[1m^^^^^^[0m
[31m[1m>[0m [90m248 |[0m   [33mLandmark[0m,
  [90m    |[0m [31m[1m^^^^^^^^^^^[0m
[31m[1m>[0m [90m249 |[0m   [33mHeadphones[0m,
  [90m    |[0m [31m[1m^^^^^^^^^^^^^[0m
[31m[1m>[0m [90m250 |[0m   [33mBrain[0m,
  [90m    |[0m [31m[1m^^^^^^^^[0m
[31m[1m>[0m [90m251 |[0m   [33mFileCheck[0m,
  [90m    |[0m [31m[1m^^^^^^^^^^^^[0m
[31m[1m>[0m [90m252 |[0m   [33mFileQuestion[0m,
  [90m    |[0m [31m[1m^^^^^^^^^^^^^^^[0m
[31m[1m>[0m [90m253 |[0m   [33mFlaskRound[0m,
  [90m    |[0m [31m[1m^^^^^^^^^^^^^[0m
[31m[1m>[0m [90m254 |[0m   [33mPuzzle[0m,
  [90m    |[0m [31m[1m^^^^^^^^^[0m
[31m[1m>[0m [90m255 |[0m   [33mPieChart[0m,
  [90m    |[0m [31m[1m^^^^^^^^^^^[0m
[31m[1m>[0m [90m256 |[0m   [33mArrowDownRight[0m,
  [90m    |[0m [31m[1m^^^^^^^^^^^^^^^^^[0m
[31m[1m>[0m [90m257 |[0m   [33mRefreshCw[0m,
  [90m    |[0m [31m[1m^^^^^^^^^^^^[0m
[31m[1m>[0m [90m258 |[0m   [33mShieldCheck[0m,
  [90m    |[0m [31m[1m^^^^^^^^^^^^^^[0m
[31m[1m>[0m [90m259 |[0m   [33mGraduationCap[0m,
  [90m    |[0m [31m[1m^^^^^^^^^^^^^^^^[0m
[31m[1m>[0m [90m260 |[0m   [33mRocket[0m,
  [90m    |[0m [31m[1m^^^^^^^^^[0m
[31m[1m>[0m [90m261 |[0m   [33mDumbbell[0m,
  [90m    |[0m [31m[1m^^^^^^^^^^^[0m
[31m[1m>[0m [90m262 |[0m   [33mMoon[0m,
  [90m    |[0m [31m[1m^^^^^^^[0m
[31m[1m>[0m [90m263 |[0m   [33mCalendarHeart[0m,
  [90m    |[0m [31m[1m^^^^^^^^^^^^^^^^[0m
[31m[1m>[0m [90m264 |[0m   [33mPersonStanding[0m,
  [90m    |[0m [31m[1m^^^^^^^^^^^^^^^^^[0m
[31m[1m>[0m [90m265 |[0m   [33mHeartPulse[0m,
  [90m    |[0m [31m[1m^^^^^^^^^^^^^[0m
[31m[1m>[0m [90m266 |[0m   [33mFlower2[0m,
  [90m    |[0m [31m[1m^^^^^^^^^^[0m
[31m[1m>[0m [90m267 |[0m   [33mSystole[0m,
  [90m    |[0m [31m[1m^^^^^^^^^^[0m
[31m[1m>[0m [90m268 |[0m   [33mTestTube[0m,
  [90m    |[0m [31m[1m^^^^^^^^^^^[0m
[31m[1m>[0m [90m269 |[0m   [33mPill[0m,
  [90m    |[0m [31m[1m^^^^^^^[0m
[31m[1m>[0m [90m270 |[0m   [33mFootprints[0m,
  [90m    |[0m [31m[1m^^^^^^^^^^^^^[0m
[31m[1m>[0m [90m271 |[0m   [33mGlasses[0m,
  [90m    |[0m [31m[1m^^^^^^^^^^[0m
[31m[1m>[0m [90m272 |[0m   [33mFlower[0m,
  [90m    |[0m [31m[1m^^^^^^^^^[0m
[31m[1m>[0m [90m273 |[0m   [33mFirstAid[0m,
  [90m    |[0m [31m[1m^^^^^^^^^^^[0m
[31m[1m>[0m [90m274 |[0m   [33mPlug[0m,
  [90m    |[0m [31m[1m^^^^^^^[0m
[31m[1m>[0m [90m275 |[0m   [33mLink2[0m,
  [90m    |[0m [31m[1m^^^^^^^^[0m
[31m[1m>[0m [90m276 |[0m   [33mPaintBucket[0m,
  [90m    |[0m [31m[1m^^^^^^^^^^^^^^[0m
[31m[1m>[0m [90m277 |[0m   [33mAppWindow[0m,
  [90m    |[0m [31m[1m^^^^^^^^^^^^[0m
[31m[1m>[0m [90m278 |[0m   [33mColumns2[0m,
  [90m    |[0m [31m[1m^^^^^^^^^^^[0m
[31m[1m>[0m [90m279 |[0m   [33mCake[0m,
  [90m    |[0m [31m[1m^^^^^^^[0m
[31m[1m>[0m [90m280 |[0m   [33mTriangle[0m,
  [90m    |[0m [31m[1m^^^^^^^^^^^[0m
[31m[1m>[0m [90m281 |[0m   [33mGlassWater[0m,
  [90m    |[0m [31m[1m^^^^^^^^^^^^^[0m
[31m[1m>[0m [90m282 |[0m   [33mCalendarCheck[0m,
  [90m    |[0m [31m[1m^^^^^^^^^^^^^^^^[0m
[31m[1m>[0m [90m283 |[0m   [33mShoppingCart[0m,
  [90m    |[0m [31m[1m^^^^^^^^^^^^^^^[0m
[31m[1m>[0m [90m284 |[0m   [33mChefHat[0m,
  [90m    |[0m [31m[1m^^^^^^^^^^[0m
[31m[1m>[0m [90m285 |[0m   [33mAward[0m,
  [90m    |[0m [31m[1m^^^^^^^^[0m
[31m[1m>[0m [90m286 |[0m   [33mBackpack[0m,
  [90m    |[0m [31m[1m^^^^^^^^^^^[0m
[31m[1m>[0m [90m287 |[0m   [33mMegaphone[0m,
  [90m    |[0m [31m[1m^^^^^^^^^^^^[0m
[31m[1m>[0m [90m288 |[0m   [33mMailPlus[0m,
  [90m    |[0m [31m[1m^^^^^^^^^^^[0m
[31m[1m>[0m [90m289 |[0m   [33mFeather[0m,
  [90m    |[0m [31m[1m^^^^^^^^^^[0m
[31m[1m>[0m [90m290 |[0m   [33mSlidersHorizontal[0m,
  [90m    |[0m [31m[1m^^^^^^^^^^^^^^^^^^^^[0m
[31m[1m>[0m [90m291 |[0m   [33mSettings[0m,
  [90m    |[0m [31m[1m^^^^^^^^^^^[0m
[31m[1m>[0m [90m292 |[0m   [33mComponent[0m,
  [90m    |[0m [31m[1m^^^^^^^^^^^^[0m
[31m[1m>[0m [90m293 |[0m   [33mArchive[0m,
  [90m    |[0m [31m[1m^^^^^^^^^^[0m
[31m[1m>[0m [90m294 |[0m } [36mfrom[0m [32m"lucide-react"[0m;
  [90m    |[0m [31m[1m^^^^^^^^^^^^^^^^^^^[0m
  [90m295 |[0m
  [90m296 |[0m [36mexport[0m [36minterface[0m [33mTool[0m {
  [90m297 |[0m   id: string;

The export Systole was not found in module [project]/node_modules/lucide-react/dist/esm/lucide-react.mjs [app-ssr] (ecm
ascript).
Did you mean to import Store?
All exports of the module are statically known (It doesn't have dynamic exports). So it's known statically that the req
uested export doesn't exist.

Import traces:
  Server Component:
    ./src/lib/tools.ts
    ./src/app/tag/[slug]/page.tsx

  App Route:
    ./src/lib/tools.ts
    ./src/app/sitemap.ts
    ./src/app/sitemap--route-entry.js

  Client Component Browser:
    ./src/lib/tools.ts [Client Component Browser]
    ./src/components/ToolLayout.tsx [Client Component Browser]
    ./src/app/tools/json-to-java-class/page.tsx [Client Component Browser]
    ./src/app/tools/json-to-java-class/page.tsx [Server Component]

  Client Component SSR:
    ./src/lib/tools.ts [Client Component SSR]
    ./src/components/ToolLayout.tsx [Client Component SSR]
    ./src/app/tools/json-to-java-class/page.tsx [Client Component SSR]
    ./src/app/tools/json-to-java-class/page.tsx [Server Component]


    at <unknown> (./src/lib/tools.ts:196:10)
    at <unknown> (./src/app/tools/first-aid-guide/page.tsx:4:1)
    at <unknown> (./src/app/tools/first-aid-guide/page.tsx:4:1)
    at <unknown> (./src/lib/tools.ts:1:1)
    at <unknown> (./src/lib/tools.ts:1:1)
    at <unknown> (./src/lib/tools.ts:1:1)
    at <unknown> (./src/lib/tools.ts:1:1)
    at <unknown> (./src/app/tools/blood-pressure-chart/page.tsx:4:1)
    at <unknown> (./src/app/tools/blood-pressure-chart/page.tsx:4:1)
    at <unknown> (./src/lib/tools.ts:1:1)
    at <unknown> (./src/lib/tools.ts:1:1)
    at <unknown> (./src/lib/tools.ts:1:1)
    at <unknown> (./src/lib/tools.ts:1:1)
